Breed,FCI,GroupId,GroupName,SectionId,SectionName,VarietyCode,VarietyName,URL
POINTER INGLESE,001,7,CANI DA FERMA,2,CANI DA FERMA BRITANNICI,,,https://www.enci.it/libro-genealogico/razze/pointer-inglese
SETTER INGLESE,002,7,CANI DA FERMA,2,CANI DA FERMA BRITANNICI,,,https://www.enci.it/libro-genealogico/razze/setter-inglese
KERRY BLUE TERRIER,003,3,TERRIER,1,TERRIER DI TAGLIA GRANDE E MEDIA,,,https://www.enci.it/libro-genealogico/razze/kerry-blue-terrier
CAIRN TERRIER,004,3,TERRIER,2,TERRIER DI PICCOLA TAGLIA (GAMBA CORTA),,,https://www.enci.it/libro-genealogico/razze/cairn-terrier
COCKER SPANIEL INGLESE,005,8,CANI DA RIPORTO CANI DA CERCA CANI DA ACQUA,2,CANI DA CERCA,A,"ROSSO",https://www.enci.it/libro-genealogico/razze/cocker-spaniel-inglese
COCKER SPANIEL INGLESE,005,8,CANI DA RIPORTO CANI DA CERCA CANI DA ACQUA,2,CANI DA CERCA,B,"NERO",https://www.enci.it/libro-genealogico/razze/cocker-spaniel-inglese
COCKER SPANIEL INGLESE,005,8,CANI DA RIPORTO CANI DA CERCA CANI DA ACQUA,2,CANI DA CERCA,C,"ALTRI COLORI",https://www.enci.it/libro-genealogico/razze/cocker-spaniel-inglese
SETTER GORDON,006,7,CANI DA FERMA,2,CANI DA FERMA BRITANNICI,,,https://www.enci.it/libro-genealogico/razze/setter-gordon
AIREDALE TERRIER,007,3,TERRIER,1,TERRIER DI TAGLIA GRANDE E MEDIA,,,https://www.enci.it/libro-genealogico/razze/airedale-terrier
AUSTRALIAN TERRIER,008,3,TERRIER,2,TERRIER DI PICCOLA TAGLIA (GAMBA CORTA),,,https://www.enci.it/libro-genealogico/razze/australian-terrier
BEDLINGTON TERRIER,009,3,TERRIER,1,TERRIER DI TAGLIA GRANDE E MEDIA,,,https://www.enci.it/libro-genealogico/razze/bedlington-terrier
BORDER TERRIER,010,3,TERRIER,1,TERRIER DI TAGLIA GRANDE E MEDIA,,,https://www.enci.it/libro-genealogico/razze/border-terrier
BULL TERRIER INGLESE TAGLIA NORMALE,011,3,TERRIER,3,TERRIER DI TIPO BULL (GAMBA LUNGA),,,https://www.enci.it/libro-genealogico/razze/bull-terrier-inglese-taglia-normale
FOX TERRIER A PELO LISCIO,012,3,TERRIER,1,TERRIER DI TAGLIA GRANDE E MEDIA,,,https://www.enci.it/libro-genealogico/razze/fox-terrier-a-pelo-liscio
ENGLISH TOY TERRIER BLACK AND TAN,013,3,TERRIER,4,TERRIER DI COMPAGNIA (GAMBA CORTA),,,https://www.enci.it/libro-genealogico/razze/english-toy-terrier-black-and-tan
VÄSTGÖTASPETS,014,5,CANI TIPO SPITZ E TIPO PRIMITIVO,3,CANI NORDICI DA GUARDIA E DA PASTORE,,,https://www.enci.it/libro-genealogico/razze/vastgotaspets
CANE DA PASTORE BELGA,015,1,CANI DA PASTORE E BOVARI (ESCLUSI BOVARI SVIZZERI),1,CANI DA PASTORE,A,"GROENENDAEL",https://www.enci.it/libro-genealogico/razze/cane-da-pastore-belga
CANE DA PASTORE BELGA,015,1,CANI DA PASTORE E BOVARI (ESCLUSI BOVARI SVIZZERI),1,CANI DA PASTORE,B,"LAKENOIS",https://www.enci.it/libro-genealogico/razze/cane-da-pastore-belga
CANE DA PASTORE BELGA,015,1,CANI DA PASTORE E BOVARI (ESCLUSI BOVARI SVIZZERI),1,CANI DA PASTORE,C,"MALINOIS",https://www.enci.it/libro-genealogico/razze/cane-da-pastore-belga
CANE DA PASTORE BELGA,015,1,CANI DA PASTORE E BOVARI (ESCLUSI BOVARI SVIZZERI),1,CANI DA PASTORE,D,"TERVUEREN",https://www.enci.it/libro-genealogico/razze/cane-da-pastore-belga
OLD ENGLISH SHEEPDOG,016,1,CANI DA PASTORE E BOVARI (ESCLUSI BOVARI SVIZZERI),1,CANI DA PASTORE,,,https://www.enci.it/libro-genealogico/razze/old-english-sheepdog
GRIFFON NIVERNAIS,017,6,SEGUGI E CANI PER PISTA DI SANGUE,1,CANI DA SEGUITA,,,https://www.enci.it/libro-genealogico/razze/griffon-nivernais
BRIQUET GRIFFON VENDEEN,019,6,SEGUGI E CANI PER PISTA DI SANGUE,1,CANI DA SEGUITA,,,https://www.enci.it/libro-genealogico/razze/briquet-griffon-vendeen
ARIEGEOIS,020,6,SEGUGI E CANI PER PISTA DI SANGUE,1,CANI DA SEGUITA,,,https://www.enci.it/libro-genealogico/razze/ariegeois
GASCON SAINTONGEOIS,021,6,SEGUGI E CANI PER PISTA DI SANGUE,1,CANI DA SEGUITA,,,https://www.enci.it/libro-genealogico/razze/gascon-saintongeois
GRAND BLEU DE GASCOGNE,022,6,SEGUGI E CANI PER PISTA DI SANGUE,1,CANI DA SEGUITA,,,https://www.enci.it/libro-genealogico/razze/grand-bleu-de-gascogne
POITEVIN,024,6,SEGUGI E CANI PER PISTA DI SANGUE,1,CANI DA SEGUITA,,,https://www.enci.it/libro-genealogico/razze/poitevin
BILLY,025,6,SEGUGI E CANI PER PISTA DI SANGUE,1,CANI DA SEGUITA,,,https://www.enci.it/libro-genealogico/razze/billy
CHIEN D'ARTOIS,028,6,SEGUGI E CANI PER PISTA DI SANGUE,1,CANI DA SEGUITA,,,https://www.enci.it/libro-genealogico/razze/chien-d-artois
PORCELAINE,030,6,SEGUGI E CANI PER PISTA DI SANGUE,1,CANI DA SEGUITA,,,https://www.enci.it/libro-genealogico/razze/porcelaine
PETIT BLEU DE GASCOGNE,031,6,SEGUGI E CANI PER PISTA DI SANGUE,1,CANI DA SEGUITA,,,https://www.enci.it/libro-genealogico/razze/petit-bleu-de-gascogne
GRIFFON BLEU DE GASCOGNE,032,6,SEGUGI E CANI PER PISTA DI SANGUE,1,CANI DA SEGUITA,,,https://www.enci.it/libro-genealogico/razze/griffon-bleu-de-gascogne
GRAND BASSET GRIFFON VENDEEN,033,6,SEGUGI E CANI PER PISTA DI SANGUE,1,CANI DA SEGUITA,,,https://www.enci.it/libro-genealogico/razze/grand-basset-griffon-vendeen
BASSETT ARTESIAN NORMAND,034,6,SEGUGI E CANI PER PISTA DI SANGUE,1,CANI DA SEGUITA,,,https://www.enci.it/libro-genealogico/razze/bassett-artesian-normand
BASSET BLUE DE GASCOGNE,035,6,SEGUGI E CANI PER PISTA DI SANGUE,1,CANI DA SEGUITA,,,https://www.enci.it/libro-genealogico/razze/basset-blue-de-gascogne
BASSETT FAUVE DE BRETAGNE,036,6,SEGUGI E CANI PER PISTA DI SANGUE,1,CANI DA SEGUITA,,,https://www.enci.it/libro-genealogico/razze/bassett-fauve-de-bretagne
CAO DE AGUA,037,8,CANI DA RIPORTO CANI DA CERCA CANI DA ACQUA,3,CANI DA ACQUA,A,"PELO A BOCCOLI",https://www.enci.it/libro-genealogico/razze/cao-de-agua
CAO DE AGUA,037,8,CANI DA RIPORTO CANI DA CERCA CANI DA ACQUA,3,CANI DA ACQUA,B,"PELO ONDULATO",https://www.enci.it/libro-genealogico/razze/cao-de-agua
WELSH CORGI CARDIGAN,038,1,CANI DA PASTORE E BOVARI (ESCLUSI BOVARI SVIZZERI),1,CANI DA PASTORE,,,https://www.enci.it/libro-genealogico/razze/welsh-corgi-cardigan
WELSH CORGI PEMBROKE,039,1,CANI DA PASTORE E BOVARI (ESCLUSI BOVARI SVIZZERI),1,CANI DA PASTORE,,,https://www.enci.it/libro-genealogico/razze/welsh-corgi-pembroke
IRISH SOFT-COATED WHEATEN TERRIER,040,3,TERRIER,1,TERRIER DI TAGLIA GRANDE E MEDIA,,,https://www.enci.it/libro-genealogico/razze/irish-soft-coated-wheaten-terrier
CANE DA PASTORE DI CIARPLANINA,041,2,CANI DI TIPO PINSCHER E SCHNAUZER- MOLOSSOIDI E CANI BOVARI SVIZZERI,2,MOLOSSOIDI,,,https://www.enci.it/libro-genealogico/razze/cane-da-pastore-di-ciarplanina
JAMTHUND,042,5,CANI TIPO SPITZ E TIPO PRIMITIVO,2,CANI NORDICI DA CACCIA,,,https://www.enci.it/libro-genealogico/razze/jamthund
BASENJI,043,5,CANI TIPO SPITZ E TIPO PRIMITIVO,6,TIPO PRIMITIVO,,,https://www.enci.it/libro-genealogico/razze/basenji
CANE DA PASTORE DI BEAUCE,044,1,CANI DA PASTORE E BOVARI (ESCLUSI BOVARI SVIZZERI),1,CANI DA PASTORE,A,"NERO FOCATO",https://www.enci.it/libro-genealogico/razze/cane-da-pastore-di-beauce
CANE DA PASTORE DI BEAUCE,044,1,CANI DA PASTORE E BOVARI (ESCLUSI BOVARI SVIZZERI),1,CANI DA PASTORE,B,"ARLECCHINO",https://www.enci.it/libro-genealogico/razze/cane-da-pastore-di-beauce
BOVARO DEL BERNESE,045,2,CANI DI TIPO PINSCHER E SCHNAUZER- MOLOSSOIDI E CANI BOVARI SVIZZERI,3,BOVARI SVIZZERI,,,https://www.enci.it/libro-genealogico/razze/bovaro-del-bernese
BOVARO DELL'APPENZELL,046,2,CANI DI TIPO PINSCHER E SCHNAUZER- MOLOSSOIDI E CANI BOVARI SVIZZERI,3,BOVARI SVIZZERI,,,https://www.enci.it/libro-genealogico/razze/bovaro-dell-appenzell
BOVARO DELL'ENTLEBUCH,047,2,CANI DI TIPO PINSCHER E SCHNAUZER- MOLOSSOIDI E CANI BOVARI SVIZZERI,3,BOVARI SVIZZERI,,,https://www.enci.it/libro-genealogico/razze/bovaro-dell-entlebuch
CANE DA ORSO DELLA CARELIA,048,5,CANI TIPO SPITZ E TIPO PRIMITIVO,2,CANI NORDICI DA CACCIA,,,https://www.enci.it/libro-genealogico/razze/cane-da-orso-della-carelia
SPITZ FINNICO,049,5,CANI TIPO SPITZ E TIPO PRIMITIVO,2,CANI NORDICI DA CACCIA,,,https://www.enci.it/libro-genealogico/razze/spitz-finnico
TERRANOVA,050,2,CANI DI TIPO PINSCHER E SCHNAUZER- MOLOSSOIDI E CANI BOVARI SVIZZERI,2,MOLOSSOIDI,A,"NERO",https://www.enci.it/libro-genealogico/razze/terranova
TERRANOVA,050,2,CANI DI TIPO PINSCHER E SCHNAUZER- MOLOSSOIDI E CANI BOVARI SVIZZERI,2,MOLOSSOIDI,B,"MARRONE",https://www.enci.it/libro-genealogico/razze/terranova
TERRANOVA,050,2,CANI DI TIPO PINSCHER E SCHNAUZER- MOLOSSOIDI E CANI BOVARI SVIZZERI,2,MOLOSSOIDI,C,"BIANCO CON MACCHIE NERE",https://www.enci.it/libro-genealogico/razze/terranova
SEGUGIO FINLANDESE,051,6,SEGUGI E CANI PER PISTA DI SANGUE,1,CANI DA SEGUITA,,,https://www.enci.it/libro-genealogico/razze/segugio-finlandese
SEGUGIO POLACCO,052,6,SEGUGI E CANI PER PISTA DI SANGUE,1,CANI DA SEGUITA,,,https://www.enci.it/libro-genealogico/razze/segugio-polacco
KOMONDOR,053,1,CANI DA PASTORE E BOVARI (ESCLUSI BOVARI SVIZZERI),1,CANI DA PASTORE,,,https://www.enci.it/libro-genealogico/razze/komondor
KUVASZ,054,1,CANI DA PASTORE E BOVARI (ESCLUSI BOVARI SVIZZERI),1,CANI DA PASTORE,,,https://www.enci.it/libro-genealogico/razze/kuvasz
PULI,055,1,CANI DA PASTORE E BOVARI (ESCLUSI BOVARI SVIZZERI),1,CANI DA PASTORE,A,"BIANCO",https://www.enci.it/libro-genealogico/razze/puli
PULI,055,1,CANI DA PASTORE E BOVARI (ESCLUSI BOVARI SVIZZERI),1,CANI DA PASTORE,B,"ALTRI COLORI",https://www.enci.it/libro-genealogico/razze/puli
PUMI,056,1,CANI DA PASTORE E BOVARI (ESCLUSI BOVARI SVIZZERI),1,CANI DA PASTORE,,,https://www.enci.it/libro-genealogico/razze/pumi
BRACCO UNGHERESE A PELO CORTO,057,7,CANI DA FERMA,1,CANI DA FERMA CONTINENTALI,,,https://www.enci.it/libro-genealogico/razze/bracco-ungherese-a-pelo-corto
GRANDE BOVARO SVIZZERO,058,2,CANI DI TIPO PINSCHER E SCHNAUZER- MOLOSSOIDI E CANI BOVARI SVIZZERI,3,BOVARI SVIZZERI,,,https://www.enci.it/libro-genealogico/razze/grande-bovaro-svizzero
SEGUGI SVIZZERI,059,6,SEGUGI E CANI PER PISTA DI SANGUE,1,CANI DA SEGUITA,A,"DEL BERNESE",https://www.enci.it/libro-genealogico/razze/segugi-svizzeri
SEGUGI SVIZZERI,059,6,SEGUGI E CANI PER PISTA DI SANGUE,1,CANI DA SEGUITA,B,"DEL GIURA",https://www.enci.it/libro-genealogico/razze/segugi-svizzeri
SEGUGI SVIZZERI,059,6,SEGUGI E CANI PER PISTA DI SANGUE,1,CANI DA SEGUITA,C,"DEL LUCERNESE",https://www.enci.it/libro-genealogico/razze/segugi-svizzeri
SEGUGI SVIZZERI,059,6,SEGUGI E CANI PER PISTA DI SANGUE,1,CANI DA SEGUITA,D,"SVIZZERO",https://www.enci.it/libro-genealogico/razze/segugi-svizzeri
PICCOLO SEGUGIO DELLA SVIZZERA,060,6,SEGUGI E CANI PER PISTA DI SANGUE,1,CANI DA SEGUITA,AA,"DEL BERNESE A PELO LISCIO",https://www.enci.it/libro-genealogico/razze/piccolo-segugio-della-svizzera
PICCOLO SEGUGIO DELLA SVIZZERA,060,6,SEGUGI E CANI PER PISTA DI SANGUE,1,CANI DA SEGUITA,AB,"DEL BERNESE A PELO DURO",https://www.enci.it/libro-genealogico/razze/piccolo-segugio-della-svizzera
PICCOLO SEGUGIO DELLA SVIZZERA,060,6,SEGUGI E CANI PER PISTA DI SANGUE,1,CANI DA SEGUITA,B,"DEL GIURA",https://www.enci.it/libro-genealogico/razze/piccolo-segugio-della-svizzera
PICCOLO SEGUGIO DELLA SVIZZERA,060,6,SEGUGI E CANI PER PISTA DI SANGUE,1,CANI DA SEGUITA,C,"DEL LUCERNESE",https://www.enci.it/libro-genealogico/razze/piccolo-segugio-della-svizzera
PICCOLO SEGUGIO DELLA SVIZZERA,060,6,SEGUGI E CANI PER PISTA DI SANGUE,1,CANI DA SEGUITA,D,"SVIZZERO",https://www.enci.it/libro-genealogico/razze/piccolo-segugio-della-svizzera
CANE DI SAN BERNARDO,061,2,CANI DI TIPO PINSCHER E SCHNAUZER- MOLOSSOIDI E CANI BOVARI SVIZZERI,2,MOLOSSOIDI,A,"A PELO CORTO",https://www.enci.it/libro-genealogico/razze/cane-di-san-bernardo
CANE DI SAN BERNARDO,061,2,CANI DI TIPO PINSCHER E SCHNAUZER- MOLOSSOIDI E CANI BOVARI SVIZZERI,2,MOLOSSOIDI,B,"A PELO LUNGO",https://www.enci.it/libro-genealogico/razze/cane-di-san-bernardo
SEGUGIO DELLA STIRIA A PELO RUVIDO,062,6,SEGUGI E CANI PER PISTA DI SANGUE,1,CANI DA SEGUITA,,,https://www.enci.it/libro-genealogico/razze/segugio-della-stiria-a-pelo-ruvido
SEGUGIO AUSTRIACO NERO FOCATO,063,6,SEGUGI E CANI PER PISTA DI SANGUE,1,CANI DA SEGUITA,,,https://www.enci.it/libro-genealogico/razze/segugio-austriaco-nero-focato
PINSCHER AUSTRIACO A PELO CORTO,064,2,CANI DI TIPO PINSCHER E SCHNAUZER- MOLOSSOIDI E CANI BOVARI SVIZZERI,1,TIPO PINSCHER E SCHNAUZER,,,https://www.enci.it/libro-genealogico/razze/pinscher-austriaco-a-pelo-corto
MALTESE,065,9,CANI DA COMPAGNIA,1,BICHONS E AFFINI,,,https://www.enci.it/libro-genealogico/razze/maltese
GRIFFON FAUVE DE BRETAGNE,066,6,SEGUGI E CANI PER PISTA DI SANGUE,1,CANI DA SEGUITA,,,https://www.enci.it/libro-genealogico/razze/griffon-fauve-de-bretagne
PETIT BASSET GRIFFON VENDEEN,067,6,SEGUGI E CANI PER PISTA DI SANGUE,1,CANI DA SEGUITA,,,https://www.enci.it/libro-genealogico/razze/petit-basset-griffon-vendeen
SEGUGIO TIROLESE,068,6,SEGUGI E CANI PER PISTA DI SANGUE,1,CANI DA SEGUITA,,,https://www.enci.it/libro-genealogico/razze/segugio-tirolese
LAKELAND TERRIER,070,3,TERRIER,1,TERRIER DI TAGLIA GRANDE E MEDIA,,,https://www.enci.it/libro-genealogico/razze/lakeland-terrier
MANCHESTER TERRIER,071,3,TERRIER,1,TERRIER DI TAGLIA GRANDE E MEDIA,,,https://www.enci.it/libro-genealogico/razze/manchester-terrier
NORWICH TERRIER,072,3,TERRIER,2,TERRIER DI PICCOLA TAGLIA (GAMBA CORTA),,,https://www.enci.it/libro-genealogico/razze/norwich-terrier
SCOTTISH TERRIER,073,3,TERRIER,2,TERRIER DI PICCOLA TAGLIA (GAMBA CORTA),,,https://www.enci.it/libro-genealogico/razze/scottish-terrier
SEALYHAM TERRIER,074,3,TERRIER,2,TERRIER DI PICCOLA TAGLIA (GAMBA CORTA),,,https://www.enci.it/libro-genealogico/razze/sealyham-terrier
SKYE TERRIER,075,3,TERRIER,2,TERRIER DI PICCOLA TAGLIA (GAMBA CORTA),,,https://www.enci.it/libro-genealogico/razze/skye-terrier
STAFFORDSHIRE BULL TERRIER,076,3,TERRIER,3,TERRIER DI TIPO BULL (GAMBA LUNGA),,,https://www.enci.it/libro-genealogico/razze/staffordshire-bull-terrier
EPAGNEUL NANO CONTINENTALE,077,9,CANI DA COMPAGNIA,9,SPANIEL NANI CONTINENTALI,A,"PAPILLON",https://www.enci.it/libro-genealogico/razze/epagneul-nano-continentale
EPAGNEUL NANO CONTINENTALE,077,9,CANI DA COMPAGNIA,9,SPANIEL NANI CONTINENTALI,AA,"PAPILLON DA 1,5 A 2,5 KG",https://www.enci.it/libro-genealogico/razze/epagneul-nano-continentale
EPAGNEUL NANO CONTINENTALE,077,9,CANI DA COMPAGNIA,9,SPANIEL NANI CONTINENTALI,AB,"PAPILLON DA 2,5 A 4,5 KG",https://www.enci.it/libro-genealogico/razze/epagneul-nano-continentale
EPAGNEUL NANO CONTINENTALE,077,9,CANI DA COMPAGNIA,9,SPANIEL NANI CONTINENTALI,B,"PHALENE",https://www.enci.it/libro-genealogico/razze/epagneul-nano-continentale
EPAGNEUL NANO CONTINENTALE,077,9,CANI DA COMPAGNIA,9,SPANIEL NANI CONTINENTALI,BA,"PHALENE DA 1,5 A 2,5 KG",https://www.enci.it/libro-genealogico/razze/epagneul-nano-continentale
EPAGNEUL NANO CONTINENTALE,077,9,CANI DA COMPAGNIA,9,SPANIEL NANI CONTINENTALI,BB,"PHALENE DA 2,5 A 4,5 KG",https://www.enci.it/libro-genealogico/razze/epagneul-nano-continentale
WELSH TERRIER,078,3,TERRIER,1,TERRIER DI TAGLIA GRANDE E MEDIA,,,https://www.enci.it/libro-genealogico/razze/welsh-terrier
GRIFFONE DI BRUXELLES,080,9,CANI DA COMPAGNIA,3,CANI BELGI DI PICCOLA TAGLIA,,,https://www.enci.it/libro-genealogico/razze/griffone-di-bruxelles
GRIFFONE BELGA,081,9,CANI DA COMPAGNIA,3,CANI BELGI DI PICCOLA TAGLIA,,,https://www.enci.it/libro-genealogico/razze/griffone-belga
PICCOLO BRABANTINO,082,9,CANI DA COMPAGNIA,3,CANI BELGI DI PICCOLA TAGLIA,,,https://www.enci.it/libro-genealogico/razze/piccolo-brabantino
SCHIPPERKE,083,1,CANI DA PASTORE E BOVARI (ESCLUSI BOVARI SVIZZERI),1,CANI DA PASTORE,A,"DA 3 A 5 KG.",https://www.enci.it/libro-genealogico/razze/schipperke
SCHIPPERKE,083,1,CANI DA PASTORE E BOVARI (ESCLUSI BOVARI SVIZZERI),1,CANI DA PASTORE,B,"DA 5 A 8 KG",https://www.enci.it/libro-genealogico/razze/schipperke
BLOODHOUND CHIEN DE SAINT-UBERT,084,6,SEGUGI E CANI PER PISTA DI SANGUE,1,CANI DA SEGUITA,,,https://www.enci.it/libro-genealogico/razze/bloodhound-chien-de-saint-ubert
WEST HIGHLAND WHITE TERRIER,085,3,TERRIER,2,TERRIER DI PICCOLA TAGLIA (GAMBA CORTA),,,https://www.enci.it/libro-genealogico/razze/west-highland-white-terrier
YORKSHIRE TERRIER,086,3,TERRIER,4,TERRIER DI COMPAGNIA (GAMBA CORTA),,,https://www.enci.it/libro-genealogico/razze/yorkshire-terrier
CANE DA PASTORE CATALANO,087,1,CANI DA PASTORE E BOVARI (ESCLUSI BOVARI SVIZZERI),1,CANI DA PASTORE,A,"A PELO LUNGO",https://www.enci.it/libro-genealogico/razze/cane-da-pastore-catalano
CANE DA PASTORE CATALANO,087,1,CANI DA PASTORE E BOVARI (ESCLUSI BOVARI SVIZZERI),1,CANI DA PASTORE,B,"A PELO CORTO",https://www.enci.it/libro-genealogico/razze/cane-da-pastore-catalano
CANE DA PASTORE SCOZZESE SHETLAND,088,1,CANI DA PASTORE E BOVARI (ESCLUSI BOVARI SVIZZERI),1,CANI DA PASTORE,,,https://www.enci.it/libro-genealogico/razze/cane-da-pastore-scozzese-shetland
PODENCO IBICENCO,089,5,CANI TIPO SPITZ E TIPO PRIMITIVO,7,TIPO PRIMITIVO DA CACCIA,A,"A PELO DURO",https://www.enci.it/libro-genealogico/razze/podenco-ibicenco
PODENCO IBICENCO,089,5,CANI TIPO SPITZ E TIPO PRIMITIVO,7,TIPO PRIMITIVO DA CACCIA,B,"A PELO CORTO",https://www.enci.it/libro-genealogico/razze/podenco-ibicenco
BRACCO DI BURGOS,090,7,CANI DA FERMA,1,CANI DA FERMA CONTINENTALI,,,https://www.enci.it/libro-genealogico/razze/bracco-di-burgos
MASTINO SPAGNOLO,091,2,CANI DI TIPO PINSCHER E SCHNAUZER- MOLOSSOIDI E CANI BOVARI SVIZZERI,2,MOLOSSOIDI,,,https://www.enci.it/libro-genealogico/razze/mastino-spagnolo
MASTINO DEI PIRENEI,092,2,CANI DI TIPO PINSCHER E SCHNAUZER- MOLOSSOIDI E CANI BOVARI SVIZZERI,2,MOLOSSOIDI,,,https://www.enci.it/libro-genealogico/razze/mastino-dei-pirenei
CAO DA SIERRA DE AIRES,093,1,CANI DA PASTORE E BOVARI (ESCLUSI BOVARI SVIZZERI),1,CANI DA PASTORE,,,https://www.enci.it/libro-genealogico/razze/cao-da-sierra-de-aires
PODENGO PORTUGUES,094,5,CANI TIPO SPITZ E TIPO PRIMITIVO,7,TIPO PRIMITIVO DA CACCIA,AA,"A PELO DURO GRANDE",https://www.enci.it/libro-genealogico/razze/podengo-portugues
PODENGO PORTUGUES,094,5,CANI TIPO SPITZ E TIPO PRIMITIVO,7,TIPO PRIMITIVO DA CACCIA,AB,"A PELO DURO MEDIO",https://www.enci.it/libro-genealogico/razze/podengo-portugues
PODENGO PORTUGUES,094,5,CANI TIPO SPITZ E TIPO PRIMITIVO,7,TIPO PRIMITIVO DA CACCIA,AC,"A PELO DURO PICCOLO",https://www.enci.it/libro-genealogico/razze/podengo-portugues
PODENGO PORTUGUES,094,5,CANI TIPO SPITZ E TIPO PRIMITIVO,7,TIPO PRIMITIVO DA CACCIA,BA,"A PELO LISCIO GRANDE",https://www.enci.it/libro-genealogico/razze/podengo-portugues
PODENGO PORTUGUES,094,5,CANI TIPO SPITZ E TIPO PRIMITIVO,7,TIPO PRIMITIVO DA CACCIA,BB,"A PELO LISCIO MEDIO",https://www.enci.it/libro-genealogico/razze/podengo-portugues
PODENGO PORTUGUES,094,5,CANI TIPO SPITZ E TIPO PRIMITIVO,7,TIPO PRIMITIVO DA CACCIA,BC,"A PELO LISCIO PICCOLO",https://www.enci.it/libro-genealogico/razze/podengo-portugues
EPAGNEUL BRETON,095,7,CANI DA FERMA,1,CANI DA FERMA CONTINENTALI,A,"BIANCO ARANCIO",https://www.enci.it/libro-genealogico/razze/epagneul-breton
EPAGNEUL BRETON,095,7,CANI DA FERMA,1,CANI DA FERMA CONTINENTALI,B,"ALTRI COLORI",https://www.enci.it/libro-genealogico/razze/epagneul-breton
RAFEIRO DO ALENTEJO,096,2,CANI DI TIPO PINSCHER E SCHNAUZER- MOLOSSOIDI E CANI BOVARI SVIZZERI,2,MOLOSSOIDI,,,https://www.enci.it/libro-genealogico/razze/rafeiro-do-alentejo
SPITZ TEDESCHI,097,5,CANI TIPO SPITZ E TIPO PRIMITIVO,4,SPITZ EUROPEI,A,"WOLFSPITZ",https://www.enci.it/libro-genealogico/razze/spitz-tedeschi
SPITZ TEDESCHI,097,5,CANI TIPO SPITZ E TIPO PRIMITIVO,4,SPITZ EUROPEI,GA,"GRANDE BIANCO",https://www.enci.it/libro-genealogico/razze/spitz-tedeschi
SPITZ TEDESCHI,097,5,CANI TIPO SPITZ E TIPO PRIMITIVO,4,SPITZ EUROPEI,GB,"GRANDE NERO O MARRONE",https://www.enci.it/libro-genealogico/razze/spitz-tedeschi
SPITZ TEDESCHI,097,5,CANI TIPO SPITZ E TIPO PRIMITIVO,4,SPITZ EUROPEI,MA,"MEDIO BIANCO",https://www.enci.it/libro-genealogico/razze/spitz-tedeschi
SPITZ TEDESCHI,097,5,CANI TIPO SPITZ E TIPO PRIMITIVO,4,SPITZ EUROPEI,MB,"MEDIO NERO O MARRONE",https://www.enci.it/libro-genealogico/razze/spitz-tedeschi
SPITZ TEDESCHI,097,5,CANI TIPO SPITZ E TIPO PRIMITIVO,4,SPITZ EUROPEI,MC,"MEDIO ARANCIO, GRIGIO O ALTRI COLORI",https://www.enci.it/libro-genealogico/razze/spitz-tedeschi
SPITZ TEDESCHI,097,5,CANI TIPO SPITZ E TIPO PRIMITIVO,4,SPITZ EUROPEI,N,"NANO DI TUTTI I COLORI",https://www.enci.it/libro-genealogico/razze/spitz-tedeschi
SPITZ TEDESCHI,097,5,CANI TIPO SPITZ E TIPO PRIMITIVO,4,SPITZ EUROPEI,PA,"PICCOLO BIANCO",https://www.enci.it/libro-genealogico/razze/spitz-tedeschi
SPITZ TEDESCHI,097,5,CANI TIPO SPITZ E TIPO PRIMITIVO,4,SPITZ EUROPEI,PB,"PICCOLO NERO O MARRONE",https://www.enci.it/libro-genealogico/razze/spitz-tedeschi
SPITZ TEDESCHI,097,5,CANI TIPO SPITZ E TIPO PRIMITIVO,4,SPITZ EUROPEI,PC,"PICCOLO ARANCIO, GRIGIO O ALTRI COLORI",https://www.enci.it/libro-genealogico/razze/spitz-tedeschi
CANE DA FERMA TEDESCO A PELO DURO,098,7,CANI DA FERMA,1,CANI DA FERMA CONTINENTALI,,,https://www.enci.it/libro-genealogico/razze/cane-da-ferma-tedesco-a-pelo-duro
WEIMARANER,099,7,CANI DA FERMA,1,CANI DA FERMA CONTINENTALI,A,"A PELO CORTO",https://www.enci.it/libro-genealogico/razze/weimaraner
WEIMARANER,099,7,CANI DA FERMA,1,CANI DA FERMA CONTINENTALI,B,"A PELO LUNGO",https://www.enci.it/libro-genealogico/razze/weimaraner
SEGUGIO DELLA WESTFALIA,100,6,SEGUGI E CANI PER PISTA DI SANGUE,1,CANI DA SEGUITA,,,https://www.enci.it/libro-genealogico/razze/segugio-della-westfalia
BOULEDOGUE FRANCESE,101,9,CANI DA COMPAGNIA,11,MOLOSSOIDI DI PICCOLA TAGLIA,A,"SENZA MACCHIE BIANCHE ESTESE",https://www.enci.it/libro-genealogico/razze/bouledogue-francese
BOULEDOGUE FRANCESE,101,9,CANI DA COMPAGNIA,11,MOLOSSOIDI DI PICCOLA TAGLIA,B,"CON MACCHIE BIANCHE ESTESE",https://www.enci.it/libro-genealogico/razze/bouledogue-francese
PICCOLO MUENSTERLANDER,102,7,CANI DA FERMA,1,CANI DA FERMA CONTINENTALI,,,https://www.enci.it/libro-genealogico/razze/piccolo-muensterlander
DEUTSCHER JAGDTERRIER,103,3,TERRIER,1,TERRIER DI TAGLIA GRANDE E MEDIA,,,https://www.enci.it/libro-genealogico/razze/deutscher-jagdterrier
SPANIEL TEDESCO,104,8,CANI DA RIPORTO CANI DA CERCA CANI DA ACQUA,2,CANI DA CERCA,,,https://www.enci.it/libro-genealogico/razze/spaniel-tedesco
BARBET,105,8,CANI DA RIPORTO CANI DA CERCA CANI DA ACQUA,3,CANI DA ACQUA,,,https://www.enci.it/libro-genealogico/razze/barbet
EPAGNEUL BLUE DE PICARDIE,106,7,CANI DA FERMA,1,CANI DA FERMA CONTINENTALI,,,https://www.enci.it/libro-genealogico/razze/epagneul-blue-de-picardie
GRIFFONE A PELO DURO (KORTHALS),107,7,CANI DA FERMA,1,CANI DA FERMA CONTINENTALI,,,https://www.enci.it/libro-genealogico/razze/griffone-a-pelo-duro-korthals
EPAGNEUL PICARD,108,7,CANI DA FERMA,1,CANI DA FERMA CONTINENTALI,,,https://www.enci.it/libro-genealogico/razze/epagneul-picard
CLUMBER SPANIEL,109,8,CANI DA RIPORTO CANI DA CERCA CANI DA ACQUA,2,CANI DA CERCA,,,https://www.enci.it/libro-genealogico/razze/clumber-spaniel
CURLY-COATED RETRIEVER,110,8,CANI DA RIPORTO CANI DA CERCA CANI DA ACQUA,1,CANI DA RIPORTO,,,https://www.enci.it/libro-genealogico/razze/curly-coated-retriever
GOLDEN RETRIEVER,111,8,CANI DA RIPORTO CANI DA CERCA CANI DA ACQUA,1,CANI DA RIPORTO,,,https://www.enci.it/libro-genealogico/razze/golden-retriever
CANE DA PASTORE DI BRIE,113,1,CANI DA PASTORE E BOVARI (ESCLUSI BOVARI SVIZZERI),1,CANI DA PASTORE,A,"NERO ARDESIA",https://www.enci.it/libro-genealogico/razze/cane-da-pastore-di-brie
CANE DA PASTORE DI BRIE,113,1,CANI DA PASTORE E BOVARI (ESCLUSI BOVARI SVIZZERI),1,CANI DA PASTORE,B,"FULVO GRIGIO",https://www.enci.it/libro-genealogico/razze/cane-da-pastore-di-brie
EPAGNEUL DE PONT - AUDEMER,114,7,CANI DA FERMA,1,CANI DA FERMA CONTINENTALI,,,https://www.enci.it/libro-genealogico/razze/epagneul-de-pont-audemer
BRACCO SAINT GERMAIN,115,7,CANI DA FERMA,1,CANI DA FERMA CONTINENTALI,,,https://www.enci.it/libro-genealogico/razze/bracco-saint-germain
DOGUE DE BORDEAUX,116,2,CANI DI TIPO PINSCHER E SCHNAUZER- MOLOSSOIDI E CANI BOVARI SVIZZERI,2,MOLOSSOIDI,,,https://www.enci.it/libro-genealogico/razze/dogue-de-bordeaux
CANE DA FERMA TEDESCO A PELO LUNGO,117,7,CANI DA FERMA,1,CANI DA FERMA CONTINENTALI,,,https://www.enci.it/libro-genealogico/razze/cane-da-ferma-tedesco-a-pelo-lungo
GRANDE MUENSTERLANDER,118,7,CANI DA FERMA,1,CANI DA FERMA CONTINENTALI,,,https://www.enci.it/libro-genealogico/razze/grande-muensterlander
CANE DA FERMA TEDESCO A PELO CORTO,119,7,CANI DA FERMA,1,CANI DA FERMA CONTINENTALI,,,https://www.enci.it/libro-genealogico/razze/cane-da-ferma-tedesco-a-pelo-corto
SETTER IRLANDESE ROSSO,120,7,CANI DA FERMA,2,CANI DA FERMA BRITANNICI,,,https://www.enci.it/libro-genealogico/razze/setter-irlandese-rosso
FLAT COATED RETRIEVER,121,8,CANI DA RIPORTO CANI DA CERCA CANI DA ACQUA,1,CANI DA RIPORTO,,,https://www.enci.it/libro-genealogico/razze/flat-coated-retriever
LABRADOR RETRIEVER,122,8,CANI DA RIPORTO CANI DA CERCA CANI DA ACQUA,1,CANI DA RIPORTO,,,https://www.enci.it/libro-genealogico/razze/labrador-retriever
FIELD SPANIEL,123,8,CANI DA RIPORTO CANI DA CERCA CANI DA ACQUA,2,CANI DA CERCA,,,https://www.enci.it/libro-genealogico/razze/field-spaniel
IRISH WATER SPANIEL,124,8,CANI DA RIPORTO CANI DA CERCA CANI DA ACQUA,3,CANI DA ACQUA,,,https://www.enci.it/libro-genealogico/razze/irish-water-spaniel
SPRINGER SPANIEL INGLESE,125,8,CANI DA RIPORTO CANI DA CERCA CANI DA ACQUA,2,CANI DA CERCA,,,https://www.enci.it/libro-genealogico/razze/springer-spaniel-inglese
WELSH SPRINGER SPANIEL,126,8,CANI DA RIPORTO CANI DA CERCA CANI DA ACQUA,2,CANI DA CERCA,,,https://www.enci.it/libro-genealogico/razze/welsh-springer-spaniel
SUSSEX SPANIEL,127,8,CANI DA RIPORTO CANI DA CERCA CANI DA ACQUA,2,CANI DA CERCA,,,https://www.enci.it/libro-genealogico/razze/sussex-spaniel
KING CHARLES SPANIEL,128,9,CANI DA COMPAGNIA,7,SPANIEL INGLESI DA COMPAGNIA,A,"BLACK AND TAN",https://www.enci.it/libro-genealogico/razze/king-charles-spaniel
KING CHARLES SPANIEL,128,9,CANI DA COMPAGNIA,7,SPANIEL INGLESI DA COMPAGNIA,B,"RUBY",https://www.enci.it/libro-genealogico/razze/king-charles-spaniel
KING CHARLES SPANIEL,128,9,CANI DA COMPAGNIA,7,SPANIEL INGLESI DA COMPAGNIA,C,"BLENHEIM",https://www.enci.it/libro-genealogico/razze/king-charles-spaniel
KING CHARLES SPANIEL,128,9,CANI DA COMPAGNIA,7,SPANIEL INGLESI DA COMPAGNIA,D,"TRICOLORE",https://www.enci.it/libro-genealogico/razze/king-charles-spaniel
SMAALANDSSTOVARE,129,6,SEGUGI E CANI PER PISTA DI SANGUE,1,CANI DA SEGUITA,,,https://www.enci.it/libro-genealogico/razze/smaalandsstovare
DREVER,130,6,SEGUGI E CANI PER PISTA DI SANGUE,1,CANI DA SEGUITA,,,https://www.enci.it/libro-genealogico/razze/drever
SCHILLER STOVARE,131,6,SEGUGI E CANI PER PISTA DI SANGUE,1,CANI DA SEGUITA,,,https://www.enci.it/libro-genealogico/razze/schiller-stovare
HAMILTON STOVARE,132,6,SEGUGI E CANI PER PISTA DI SANGUE,1,CANI DA SEGUITA,,,https://www.enci.it/libro-genealogico/razze/hamilton-stovare
BRACCO FRANCESE TIPO GASCOGNE,133,7,CANI DA FERMA,1,CANI DA FERMA CONTINENTALI,,,https://www.enci.it/libro-genealogico/razze/bracco-francese-tipo-gascogne
BRACCO FRANCESE TIPO PIRENEI,134,7,CANI DA FERMA,1,CANI DA FERMA CONTINENTALI,,,https://www.enci.it/libro-genealogico/razze/bracco-francese-tipo-pirenei
SVENSK LAPPHUND,135,5,CANI TIPO SPITZ E TIPO PRIMITIVO,3,CANI NORDICI DA GUARDIA E DA PASTORE,,,https://www.enci.it/libro-genealogico/razze/svensk-lapphund
CAVALIER KING CHARLES SPANIEL,136,9,CANI DA COMPAGNIA,7,SPANIEL INGLESI DA COMPAGNIA,A,"BLACK AND TAN",https://www.enci.it/libro-genealogico/razze/cavalier-king-charles-spaniel
CAVALIER KING CHARLES SPANIEL,136,9,CANI DA COMPAGNIA,7,SPANIEL INGLESI DA COMPAGNIA,B,"RUBY",https://www.enci.it/libro-genealogico/razze/cavalier-king-charles-spaniel
CAVALIER KING CHARLES SPANIEL,136,9,CANI DA COMPAGNIA,7,SPANIEL INGLESI DA COMPAGNIA,C,"BLENHEIM",https://www.enci.it/libro-genealogico/razze/cavalier-king-charles-spaniel
CAVALIER KING CHARLES SPANIEL,136,9,CANI DA COMPAGNIA,7,SPANIEL INGLESI DA COMPAGNIA,D,"TRICOLORE",https://www.enci.it/libro-genealogico/razze/cavalier-king-charles-spaniel
CANE DA MONTAGNA DEI PIRENEI,137,2,CANI DI TIPO PINSCHER E SCHNAUZER- MOLOSSOIDI E CANI BOVARI SVIZZERI,2,MOLOSSOIDI,,,https://www.enci.it/libro-genealogico/razze/cane-da-montagna-dei-pirenei
CANE DA PASTORE DEI PIRENEI A FACCIA RASA,138,1,CANI DA PASTORE E BOVARI (ESCLUSI BOVARI SVIZZERI),1,CANI DA PASTORE,,,https://www.enci.it/libro-genealogico/razze/cane-da-pastore-dei-pirenei-a-faccia-rasa
IRISH TERRIER,139,3,TERRIER,1,TERRIER DI TAGLIA GRANDE E MEDIA,,,https://www.enci.it/libro-genealogico/razze/irish-terrier
BOSTON TERRIER,140,9,CANI DA COMPAGNIA,11,MOLOSSOIDI DI PICCOLA TAGLIA,,,https://www.enci.it/libro-genealogico/razze/boston-terrier
CANE DA PASTORE DEI PIRENEI A PELO LUNGO,141,1,CANI DA PASTORE E BOVARI (ESCLUSI BOVARI SVIZZERI),1,CANI DA PASTORE,,,https://www.enci.it/libro-genealogico/razze/cane-da-pastore-dei-pirenei-a-pelo-lungo
SLOVENSKY CUVAC,142,1,CANI DA PASTORE E BOVARI (ESCLUSI BOVARI SVIZZERI),1,CANI DA PASTORE,,,https://www.enci.it/libro-genealogico/razze/slovensky-cuvac
DOBERMANN,143,2,CANI DI TIPO PINSCHER E SCHNAUZER- MOLOSSOIDI E CANI BOVARI SVIZZERI,1,TIPO PINSCHER E SCHNAUZER,A,"NERO FOCATO",https://www.enci.it/libro-genealogico/razze/dobermann
DOBERMANN,143,2,CANI DI TIPO PINSCHER E SCHNAUZER- MOLOSSOIDI E CANI BOVARI SVIZZERI,1,TIPO PINSCHER E SCHNAUZER,B,"MARRONE FOCATO",https://www.enci.it/libro-genealogico/razze/dobermann
BOXER,144,2,CANI DI TIPO PINSCHER E SCHNAUZER- MOLOSSOIDI E CANI BOVARI SVIZZERI,2,MOLOSSOIDI,A,"FULVO",https://www.enci.it/libro-genealogico/razze/boxer
BOXER,144,2,CANI DI TIPO PINSCHER E SCHNAUZER- MOLOSSOIDI E CANI BOVARI SVIZZERI,2,MOLOSSOIDI,B,"TIGRATO",https://www.enci.it/libro-genealogico/razze/boxer
LEONBERGER,145,2,CANI DI TIPO PINSCHER E SCHNAUZER- MOLOSSOIDI E CANI BOVARI SVIZZERI,2,MOLOSSOIDI,,,https://www.enci.it/libro-genealogico/razze/leonberger
RHODESIAN RIDGEBACK,146,6,SEGUGI E CANI PER PISTA DI SANGUE,3,RAZZE AFFINI,,,https://www.enci.it/libro-genealogico/razze/rhodesian-ridgeback
ROTTWEILER,147,2,CANI DI TIPO PINSCHER E SCHNAUZER- MOLOSSOIDI E CANI BOVARI SVIZZERI,2,MOLOSSOIDI,,,https://www.enci.it/libro-genealogico/razze/rottweiler
BASSOTTI TEDESCHI,148,4,BASSOTTI,1,BASSOTTI,KA,"KANINCHEN A PELO CORTO",https://www.enci.it/libro-genealogico/razze/bassotti-tedeschi
BASSOTTI TEDESCHI,148,4,BASSOTTI,1,BASSOTTI,KB,"KANINCHEN A PELO LUNGO",https://www.enci.it/libro-genealogico/razze/bassotti-tedeschi
BASSOTTI TEDESCHI,148,4,BASSOTTI,1,BASSOTTI,KC,"KANINCHEN A PELO DURO",https://www.enci.it/libro-genealogico/razze/bassotti-tedeschi
BASSOTTI TEDESCHI,148,4,BASSOTTI,1,BASSOTTI,NA,"NANO A PELO CORTO",https://www.enci.it/libro-genealogico/razze/bassotti-tedeschi
BASSOTTI TEDESCHI,148,4,BASSOTTI,1,BASSOTTI,NB,"NANO A PELO LUNGO",https://www.enci.it/libro-genealogico/razze/bassotti-tedeschi
BASSOTTI TEDESCHI,148,4,BASSOTTI,1,BASSOTTI,NC,"NANO A PELO DURO",https://www.enci.it/libro-genealogico/razze/bassotti-tedeschi
BASSOTTI TEDESCHI,148,4,BASSOTTI,1,BASSOTTI,SA,"STANDARD A PELO CORTO",https://www.enci.it/libro-genealogico/razze/bassotti-tedeschi
BASSOTTI TEDESCHI,148,4,BASSOTTI,1,BASSOTTI,SB,"STANDARD A PELO LUNGO",https://www.enci.it/libro-genealogico/razze/bassotti-tedeschi
BASSOTTI TEDESCHI,148,4,BASSOTTI,1,BASSOTTI,SC,"STANDARD A PELO DURO",https://www.enci.it/libro-genealogico/razze/bassotti-tedeschi
BULLDOG,149,2,CANI DI TIPO PINSCHER E SCHNAUZER- MOLOSSOIDI E CANI BOVARI SVIZZERI,2,MOLOSSOIDI,,,https://www.enci.it/libro-genealogico/razze/bulldog
SEGUGIO SERBO,150,6,SEGUGI E CANI PER PISTA DI SANGUE,1,CANI DA SEGUITA,,,https://www.enci.it/libro-genealogico/razze/segugio-serbo
SEGUGIO DELL'ISTRIA A PELO RASO,151,6,SEGUGI E CANI PER PISTA DI SANGUE,1,CANI DA SEGUITA,,,https://www.enci.it/libro-genealogico/razze/segugio-dell-istria-a-pelo-raso
SEGUGIO DELL'ISTRIA A PELO DURO,152,6,SEGUGI E CANI PER PISTA DI SANGUE,1,CANI DA SEGUITA,,,https://www.enci.it/libro-genealogico/razze/segugio-dell-istria-a-pelo-duro
DALMATA,153,6,SEGUGI E CANI PER PISTA DI SANGUE,3,RAZZE AFFINI,,,https://www.enci.it/libro-genealogico/razze/dalmata
SEGUGIO POSAVATZ,154,6,SEGUGI E CANI PER PISTA DI SANGUE,1,CANI DA SEGUITA,,,https://www.enci.it/libro-genealogico/razze/segugio-posavatz
SEGUGIO DELLA BOSNIA A PELO DURO,155,6,SEGUGI E CANI PER PISTA DI SANGUE,1,CANI DA SEGUITA,,,https://www.enci.it/libro-genealogico/razze/segugio-della-bosnia-a-pelo-duro
CANE DA PASTORE SCOZZESE A PELO LUNGO,156,1,CANI DA PASTORE E BOVARI (ESCLUSI BOVARI SVIZZERI),1,CANI DA PASTORE,,,https://www.enci.it/libro-genealogico/razze/cane-da-pastore-scozzese-a-pelo-lungo
BULLMASTIFF,157,2,CANI DI TIPO PINSCHER E SCHNAUZER- MOLOSSOIDI E CANI BOVARI SVIZZERI,2,MOLOSSOIDI,,,https://www.enci.it/libro-genealogico/razze/bullmastiff
GREYHOUND,158,10,LEVRIERI,3,LEVRIERI A PELO CORTO,,,https://www.enci.it/libro-genealogico/razze/greyhound
FOXHOUND,159,6,SEGUGI E CANI PER PISTA DI SANGUE,1,CANI DA SEGUITA,,,https://www.enci.it/libro-genealogico/razze/foxhound
IRISH WOLFHOUND,160,10,LEVRIERI,2,LEVRIERI A PELO DURO,,,https://www.enci.it/libro-genealogico/razze/irish-wolfhound
BEAGLE,161,6,SEGUGI E CANI PER PISTA DI SANGUE,1,CANI DA SEGUITA,,,https://www.enci.it/libro-genealogico/razze/beagle
WHIPPET,162,10,LEVRIERI,3,LEVRIERI A PELO CORTO,,,https://www.enci.it/libro-genealogico/razze/whippet
BASSETHOUND,163,6,SEGUGI E CANI PER PISTA DI SANGUE,1,CANI DA SEGUITA,,,https://www.enci.it/libro-genealogico/razze/bassethound
DEERHOUND,164,10,LEVRIERI,2,LEVRIERI A PELO DURO,,,https://www.enci.it/libro-genealogico/razze/deerhound
SPINONE ITALIANO,165,7,CANI DA FERMA,1,CANI DA FERMA CONTINENTALI,A,"BIANCO ARANCIO",https://www.enci.it/libro-genealogico/razze/spinone-italiano
SPINONE ITALIANO,165,7,CANI DA FERMA,1,CANI DA FERMA CONTINENTALI,B,"ROANO MARRONE",https://www.enci.it/libro-genealogico/razze/spinone-italiano
PASTORE TEDESCO,166,1,CANI DA PASTORE E BOVARI (ESCLUSI BOVARI SVIZZERI),1,CANI DA PASTORE,A,"A PELO CORTO",https://www.enci.it/libro-genealogico/razze/pastore-tedesco
PASTORE TEDESCO,166,1,CANI DA PASTORE E BOVARI (ESCLUSI BOVARI SVIZZERI),1,CANI DA PASTORE,B,"A PELO LUNGO",https://www.enci.it/libro-genealogico/razze/pastore-tedesco
COCKER AMERICANO,167,8,CANI DA RIPORTO CANI DA CERCA CANI DA ACQUA,2,CANI DA CERCA,A,"NERO",https://www.enci.it/libro-genealogico/razze/cocker-americano
COCKER AMERICANO,167,8,CANI DA RIPORTO CANI DA CERCA CANI DA ACQUA,2,CANI DA CERCA,B,"ALTRI COLORI",https://www.enci.it/libro-genealogico/razze/cocker-americano
COCKER AMERICANO,167,8,CANI DA RIPORTO CANI DA CERCA CANI DA ACQUA,2,CANI DA CERCA,C,"PARTICOLOR",https://www.enci.it/libro-genealogico/razze/cocker-americano
DANDIE DINMONT TERRIER,168,3,TERRIER,2,TERRIER DI PICCOLA TAGLIA (GAMBA CORTA),,,https://www.enci.it/libro-genealogico/razze/dandie-dinmont-terrier
FOX TERRIER A PELO RUVIDO,169,3,TERRIER,1,TERRIER DI TAGLIA GRANDE E MEDIA,,,https://www.enci.it/libro-genealogico/razze/fox-terrier-a-pelo-ruvido
CANE DE CASTRO LABOREIRO,170,2,CANI DI TIPO PINSCHER E SCHNAUZER- MOLOSSOIDI E CANI BOVARI SVIZZERI,2,MOLOSSOIDI,,,https://www.enci.it/libro-genealogico/razze/cane-de-castro-laboreiro
BOVARO DELLE ARDENNE,171,1,CANI DA PASTORE E BOVARI (ESCLUSI BOVARI SVIZZERI),2,CANI DA BOVARI (ESCLUSO BOVARI SVIZZERI),,,https://www.enci.it/libro-genealogico/razze/bovaro-delle-ardenne
BARBONI,172,9,CANI DA COMPAGNIA,2,BARBONI,GA,"GRANDE MOLE BIANCO",https://www.enci.it/libro-genealogico/razze/barboni
BARBONI,172,9,CANI DA COMPAGNIA,2,BARBONI,GB,"GRANDE MOLE MARRONE",https://www.enci.it/libro-genealogico/razze/barboni
BARBONI,172,9,CANI DA COMPAGNIA,2,BARBONI,GC,"GRANDE MOLE NERO",https://www.enci.it/libro-genealogico/razze/barboni
BARBONI,172,9,CANI DA COMPAGNIA,2,BARBONI,GD,"GRANDE MOLE GRIGIO",https://www.enci.it/libro-genealogico/razze/barboni
BARBONI,172,9,CANI DA COMPAGNIA,2,BARBONI,GG,"GRANDE MOLE FULVO",https://www.enci.it/libro-genealogico/razze/barboni
BARBONI,172,9,CANI DA COMPAGNIA,2,BARBONI,GH,"GRANDE MOLE ALTRI COLORI",https://www.enci.it/libro-genealogico/razze/barboni
BARBONI,172,9,CANI DA COMPAGNIA,2,BARBONI,MA,"MEDIA MOLE BIANCO",https://www.enci.it/libro-genealogico/razze/barboni
BARBONI,172,9,CANI DA COMPAGNIA,2,BARBONI,MB,"MEDIA MOLE MARRONE",https://www.enci.it/libro-genealogico/razze/barboni
BARBONI,172,9,CANI DA COMPAGNIA,2,BARBONI,MC,"MEDIA MOLE NERO",https://www.enci.it/libro-genealogico/razze/barboni
BARBONI,172,9,CANI DA COMPAGNIA,2,BARBONI,MD,"MEDIA MOLE GRIGIO",https://www.enci.it/libro-genealogico/razze/barboni
BARBONI,172,9,CANI DA COMPAGNIA,2,BARBONI,MG,"MEDIA MOLE FULVO",https://www.enci.it/libro-genealogico/razze/barboni
BARBONI,172,9,CANI DA COMPAGNIA,2,BARBONI,MH,"MEDIA MOLE ALTRI COLORI",https://www.enci.it/libro-genealogico/razze/barboni
BARBONI,172,9,CANI DA COMPAGNIA,2,BARBONI,NA,"NANO BIANCO",https://www.enci.it/libro-genealogico/razze/barboni
BARBONI,172,9,CANI DA COMPAGNIA,2,BARBONI,NB,"NANO MARRONE",https://www.enci.it/libro-genealogico/razze/barboni
BARBONI,172,9,CANI DA COMPAGNIA,2,BARBONI,NC,"NANO NERO",https://www.enci.it/libro-genealogico/razze/barboni
BARBONI,172,9,CANI DA COMPAGNIA,2,BARBONI,ND,"NANO GRIGIO",https://www.enci.it/libro-genealogico/razze/barboni
BARBONI,172,9,CANI DA COMPAGNIA,2,BARBONI,NG,"NANO FULVO",https://www.enci.it/libro-genealogico/razze/barboni
BARBONI,172,9,CANI DA COMPAGNIA,2,BARBONI,NH,"NANO ALTRI COLORI",https://www.enci.it/libro-genealogico/razze/barboni
BARBONI,172,9,CANI DA COMPAGNIA,2,BARBONI,TA,"TOY BIANCO",https://www.enci.it/libro-genealogico/razze/barboni
BARBONI,172,9,CANI DA COMPAGNIA,2,BARBONI,TB,"TOY MARRONE",https://www.enci.it/libro-genealogico/razze/barboni
BARBONI,172,9,CANI DA COMPAGNIA,2,BARBONI,TC,"TOY NERO",https://www.enci.it/libro-genealogico/razze/barboni
BARBONI,172,9,CANI DA COMPAGNIA,2,BARBONI,TD,"TOY GRIGIO",https://www.enci.it/libro-genealogico/razze/barboni
BARBONI,172,9,CANI DA COMPAGNIA,2,BARBONI,TG,"TOY FULVO",https://www.enci.it/libro-genealogico/razze/barboni
BARBONI,172,9,CANI DA COMPAGNIA,2,BARBONI,TH,"TOY ALTRI COLORI",https://www.enci.it/libro-genealogico/razze/barboni
CANE DA SIERRA DI ESTRELA,173,2,CANI DI TIPO PINSCHER E SCHNAUZER- MOLOSSOIDI E CANI BOVARI SVIZZERI,2,MOLOSSOIDI,A,"A PELO CORTO",https://www.enci.it/libro-genealogico/razze/cane-da-sierra-di-estrela
CANE DA SIERRA DI ESTRELA,173,2,CANI DI TIPO PINSCHER E SCHNAUZER- MOLOSSOIDI E CANI BOVARI SVIZZERI,2,MOLOSSOIDI,B,"A PELO LUNGO",https://www.enci.it/libro-genealogico/razze/cane-da-sierra-di-estrela
EPAGNEUL FRANCAIS,175,7,CANI DA FERMA,1,CANI DA FERMA CONTINENTALI,,,https://www.enci.it/libro-genealogico/razze/epagneul-francais
CANE DA PASTORE DI PICARDIA,176,1,CANI DA PASTORE E BOVARI (ESCLUSI BOVARI SVIZZERI),1,CANI DA PASTORE,,,https://www.enci.it/libro-genealogico/razze/cane-da-pastore-di-picardia
BRACCO D'ARIEGE,177,7,CANI DA FERMA,1,CANI DA FERMA CONTINENTALI,,,https://www.enci.it/libro-genealogico/razze/bracco-d-ariege
BRACCO DEL BOURBONNAIS,179,7,CANI DA FERMA,1,CANI DA FERMA CONTINENTALI,,,https://www.enci.it/libro-genealogico/razze/bracco-del-bourbonnais
BRACCO D'AUVERGNE,180,7,CANI DA FERMA,1,CANI DA FERMA CONTINENTALI,,,https://www.enci.it/libro-genealogico/razze/bracco-d-auvergne
RIESENSCHNAUZER,181,2,CANI DI TIPO PINSCHER E SCHNAUZER- MOLOSSOIDI E CANI BOVARI SVIZZERI,1,TIPO PINSCHER E SCHNAUZER,A,"PEPE SALE",https://www.enci.it/libro-genealogico/razze/riesenschnauzer
RIESENSCHNAUZER,181,2,CANI DI TIPO PINSCHER E SCHNAUZER- MOLOSSOIDI E CANI BOVARI SVIZZERI,1,TIPO PINSCHER E SCHNAUZER,B,"NERO",https://www.enci.it/libro-genealogico/razze/riesenschnauzer
RIESENSCHNAUZER,181,2,CANI DI TIPO PINSCHER E SCHNAUZER- MOLOSSOIDI E CANI BOVARI SVIZZERI,1,TIPO PINSCHER E SCHNAUZER,C,"NERO E ARGENTO",https://www.enci.it/libro-genealogico/razze/riesenschnauzer
SCHNAUZER MEDIO,182,2,CANI DI TIPO PINSCHER E SCHNAUZER- MOLOSSOIDI E CANI BOVARI SVIZZERI,1,TIPO PINSCHER E SCHNAUZER,A,"PEPE SALE",https://www.enci.it/libro-genealogico/razze/schnauzer-medio
SCHNAUZER MEDIO,182,2,CANI DI TIPO PINSCHER E SCHNAUZER- MOLOSSOIDI E CANI BOVARI SVIZZERI,1,TIPO PINSCHER E SCHNAUZER,B,"NERO",https://www.enci.it/libro-genealogico/razze/schnauzer-medio
ZWERGSCHNAUZER,183,2,CANI DI TIPO PINSCHER E SCHNAUZER- MOLOSSOIDI E CANI BOVARI SVIZZERI,1,TIPO PINSCHER E SCHNAUZER,A,"PEPE SALE",https://www.enci.it/libro-genealogico/razze/zwergschnauzer
ZWERGSCHNAUZER,183,2,CANI DI TIPO PINSCHER E SCHNAUZER- MOLOSSOIDI E CANI BOVARI SVIZZERI,1,TIPO PINSCHER E SCHNAUZER,B,"NERO",https://www.enci.it/libro-genealogico/razze/zwergschnauzer
ZWERGSCHNAUZER,183,2,CANI DI TIPO PINSCHER E SCHNAUZER- MOLOSSOIDI E CANI BOVARI SVIZZERI,1,TIPO PINSCHER E SCHNAUZER,C,"NERO ARGENTO",https://www.enci.it/libro-genealogico/razze/zwergschnauzer
ZWERGSCHNAUZER,183,2,CANI DI TIPO PINSCHER E SCHNAUZER- MOLOSSOIDI E CANI BOVARI SVIZZERI,1,TIPO PINSCHER E SCHNAUZER,D,"BIANCO",https://www.enci.it/libro-genealogico/razze/zwergschnauzer
PINSCHER,184,2,CANI DI TIPO PINSCHER E SCHNAUZER- MOLOSSOIDI E CANI BOVARI SVIZZERI,1,TIPO PINSCHER E SCHNAUZER,,,https://www.enci.it/libro-genealogico/razze/pinscher
ZWERGPINSCHER,185,2,CANI DI TIPO PINSCHER E SCHNAUZER- MOLOSSOIDI E CANI BOVARI SVIZZERI,1,TIPO PINSCHER E SCHNAUZER,,,https://www.enci.it/libro-genealogico/razze/zwergpinscher
AFFENPINSCHER,186,2,CANI DI TIPO PINSCHER E SCHNAUZER- MOLOSSOIDI E CANI BOVARI SVIZZERI,1,TIPO PINSCHER E SCHNAUZER,,,https://www.enci.it/libro-genealogico/razze/affenpinscher
BRACCO PORTOGHESE,187,7,CANI DA FERMA,1,CANI DA FERMA CONTINENTALI,,,https://www.enci.it/libro-genealogico/razze/bracco-portoghese
SLOUGHI,188,10,LEVRIERI,3,LEVRIERI A PELO CORTO,,,https://www.enci.it/libro-genealogico/razze/sloughi
LAPINKOIRA,189,5,CANI TIPO SPITZ E TIPO PRIMITIVO,3,CANI NORDICI DA GUARDIA E DA PASTORE,,,https://www.enci.it/libro-genealogico/razze/lapinkoira
HOVAWART,190,2,CANI DI TIPO PINSCHER E SCHNAUZER- MOLOSSOIDI E CANI BOVARI SVIZZERI,2,MOLOSSOIDI,,,https://www.enci.it/libro-genealogico/razze/hovawart
BOVARO DELLE FIANDRE,191,1,CANI DA PASTORE E BOVARI (ESCLUSI BOVARI SVIZZERI),2,CANI DA BOVARI (ESCLUSO BOVARI SVIZZERI),,,https://www.enci.it/libro-genealogico/razze/bovaro-delle-fiandre
KROMFORHLANDER,192,9,CANI DA COMPAGNIA,10,KROMFORHLANDER,,,https://www.enci.it/libro-genealogico/razze/kromforhlander
BARZOI,193,10,LEVRIERI,1,LEVRIERI A PELO LUNGO O FRANGIATO,,,https://www.enci.it/libro-genealogico/razze/barzoi
CANE DA PASTORE BERGAMASCO,194,1,CANI DA PASTORE E BOVARI (ESCLUSI BOVARI SVIZZERI),1,CANI DA PASTORE,,,https://www.enci.it/libro-genealogico/razze/cane-da-pastore-bergamasco
VOLPINO ITALIANO,195,5,CANI TIPO SPITZ E TIPO PRIMITIVO,4,SPITZ EUROPEI,A,"BIANCO",https://www.enci.it/libro-genealogico/razze/volpino-italiano
VOLPINO ITALIANO,195,5,CANI TIPO SPITZ E TIPO PRIMITIVO,4,SPITZ EUROPEI,B,"ROSSO",https://www.enci.it/libro-genealogico/razze/volpino-italiano
VOLPINO ITALIANO,195,5,CANI TIPO SPITZ E TIPO PRIMITIVO,4,SPITZ EUROPEI,C,"NERO",https://www.enci.it/libro-genealogico/razze/volpino-italiano
VOLPINO ITALIANO,195,5,CANI TIPO SPITZ E TIPO PRIMITIVO,4,SPITZ EUROPEI,D,"ALTRI COLORI",https://www.enci.it/libro-genealogico/razze/volpino-italiano
BOLOGNESE,196,9,CANI DA COMPAGNIA,1,BICHONS E AFFINI,,,https://www.enci.it/libro-genealogico/razze/bolognese
MASTINO NAPOLETANO,197,2,CANI DI TIPO PINSCHER E SCHNAUZER- MOLOSSOIDI E CANI BOVARI SVIZZERI,2,MOLOSSOIDI,,,https://www.enci.it/libro-genealogico/razze/mastino-napoletano
SEGUGIO ITALIANO A PELO FORTE,198,6,SEGUGI E CANI PER PISTA DI SANGUE,1,CANI DA SEGUITA,,,https://www.enci.it/libro-genealogico/razze/segugio-italiano-a-pelo-forte
CIRNECO DELL'ETNA,199,5,CANI TIPO SPITZ E TIPO PRIMITIVO,7,TIPO PRIMITIVO DA CACCIA,,,https://www.enci.it/libro-genealogico/razze/cirneco-dell-etna
PICCOLO LEVRIERO ITALIANO,200,10,LEVRIERI,3,LEVRIERI A PELO CORTO,,,https://www.enci.it/libro-genealogico/razze/piccolo-levriero-italiano
CANE DA PASTORE ABRUZZESE MAREMMANO,201,1,CANI DA PASTORE E BOVARI (ESCLUSI BOVARI SVIZZERI),1,CANI DA PASTORE,,,https://www.enci.it/libro-genealogico/razze/cane-da-pastore-abruzzese-maremmano
BRACCO ITALIANO,202,7,CANI DA FERMA,1,CANI DA FERMA CONTINENTALI,A,"BIANCO ARANCIO",https://www.enci.it/libro-genealogico/razze/bracco-italiano
BRACCO ITALIANO,202,7,CANI DA FERMA,1,CANI DA FERMA CONTINENTALI,B,"ROANO MARRONE",https://www.enci.it/libro-genealogico/razze/bracco-italiano
DUNKER,203,6,SEGUGI E CANI PER PISTA DI SANGUE,1,CANI DA SEGUITA,,,https://www.enci.it/libro-genealogico/razze/dunker
SABUESO ESPAGNOL,204,6,SEGUGI E CANI PER PISTA DI SANGUE,1,CANI DA SEGUITA,,,https://www.enci.it/libro-genealogico/razze/sabueso-espagnol
CHOW-CHOW,205,5,CANI TIPO SPITZ E TIPO PRIMITIVO,5,SPITZ ASIATICI E RAZZE AFFINI,,,https://www.enci.it/libro-genealogico/razze/chow-chow
CHIN,206,9,CANI DA COMPAGNIA,8,EPAGNEUL GIAPPONESI E PECHINESI,,,https://www.enci.it/libro-genealogico/razze/chin
PECHINESE,207,9,CANI DA COMPAGNIA,8,EPAGNEUL GIAPPONESI E PECHINESI,,,https://www.enci.it/libro-genealogico/razze/pechinese
SHIH TZU,208,9,CANI DA COMPAGNIA,5,CANI DEL TIBET,,,https://www.enci.it/libro-genealogico/razze/shih-tzu
TIBETAN TERRIER,209,9,CANI DA COMPAGNIA,5,CANI DEL TIBET,,,https://www.enci.it/libro-genealogico/razze/tibetan-terrier
CANADIAN ESKIMO DOG,211,5,CANI TIPO SPITZ E TIPO PRIMITIVO,1,CANI NORDICI DA SLITTA,,,https://www.enci.it/libro-genealogico/razze/canadian-eskimo-dog
SAMOIEDO,212,5,CANI TIPO SPITZ E TIPO PRIMITIVO,1,CANI NORDICI DA SLITTA,,,https://www.enci.it/libro-genealogico/razze/samoiedo
HANNOVERISCHER SCHWEISSHUND,213,6,SEGUGI E CANI PER PISTA DI SANGUE,2,SEGUGI E CANI PER PISTA DI SANGUE,,,https://www.enci.it/libro-genealogico/razze/hannoverischer-schweisshund
SEGUGIO ELLENICO,214,6,SEGUGI E CANI PER PISTA DI SANGUE,1,CANI DA SEGUITA,,,https://www.enci.it/libro-genealogico/razze/segugio-ellenico
BICHON A POIL FRISE,215,9,CANI DA COMPAGNIA,1,BICHONS E AFFINI,,,https://www.enci.it/libro-genealogico/razze/bichon-a-poil-frise
PUDEL POINTER,216,7,CANI DA FERMA,1,CANI DA FERMA CONTINENTALI,,,https://www.enci.it/libro-genealogico/razze/pudel-pointer
BAYERISCHER GEBIRGSSCHWEISSHUND,217,6,SEGUGI E CANI PER PISTA DI SANGUE,2,SEGUGI E CANI PER PISTA DI SANGUE,,,https://www.enci.it/libro-genealogico/razze/bayerischer-gebirgsschweisshund
CHIHUAHUA,218,9,CANI DA COMPAGNIA,6,CHIHUAHUA,A,"A PELO CORTO",https://www.enci.it/libro-genealogico/razze/chihuahua
CHIHUAHUA,218,9,CANI DA COMPAGNIA,6,CHIHUAHUA,B,"A PELO LUNGO",https://www.enci.it/libro-genealogico/razze/chihuahua
FRANCAIS TRICOLORE,219,6,SEGUGI E CANI PER PISTA DI SANGUE,1,CANI DA SEGUITA,,,https://www.enci.it/libro-genealogico/razze/francais-tricolore
FRANCAIS BLANC E NOIR,220,6,SEGUGI E CANI PER PISTA DI SANGUE,1,CANI DA SEGUITA,,,https://www.enci.it/libro-genealogico/razze/francais-blanc-e-noir
SPANIEL OLANDESE,221,8,CANI DA RIPORTO CANI DA CERCA CANI DA ACQUA,3,CANI DA ACQUA,,,https://www.enci.it/libro-genealogico/razze/spaniel-olandese
STABYHOUND,222,7,CANI DA FERMA,1,CANI DA FERMA CONTINENTALI,,,https://www.enci.it/libro-genealogico/razze/stabyhound
CANE DA PASTORE OLANDESE,223,1,CANI DA PASTORE E BOVARI (ESCLUSI BOVARI SVIZZERI),1,CANI DA PASTORE,A,"A PELO CORTO",https://www.enci.it/libro-genealogico/razze/cane-da-pastore-olandese
CANE DA PASTORE OLANDESE,223,1,CANI DA PASTORE E BOVARI (ESCLUSI BOVARI SVIZZERI),1,CANI DA PASTORE,B,"A PELO LUNGO",https://www.enci.it/libro-genealogico/razze/cane-da-pastore-olandese
CANE DA PASTORE OLANDESE,223,1,CANI DA PASTORE E BOVARI (ESCLUSI BOVARI SVIZZERI),1,CANI DA PASTORE,C,"A PELO RUVIDO",https://www.enci.it/libro-genealogico/razze/cane-da-pastore-olandese
EPAGNEUL OLANDESE DI DRENT,224,7,CANI DA FERMA,1,CANI DA FERMA CONTINENTALI,,,https://www.enci.it/libro-genealogico/razze/epagneul-olandese-di-drent
FILA BRASILEIRO,225,2,CANI DI TIPO PINSCHER E SCHNAUZER- MOLOSSOIDI E CANI BOVARI SVIZZERI,2,MOLOSSOIDI,,,https://www.enci.it/libro-genealogico/razze/fila-brasileiro
LANDSEER,226,2,CANI DI TIPO PINSCHER E SCHNAUZER- MOLOSSOIDI E CANI BOVARI SVIZZERI,2,MOLOSSOIDI,,,https://www.enci.it/libro-genealogico/razze/landseer
LHASA APSO,227,9,CANI DA COMPAGNIA,5,CANI DEL TIBET,,,https://www.enci.it/libro-genealogico/razze/lhasa-apso
LEVRIERO AFGANO,228,10,LEVRIERI,1,LEVRIERI A PELO LUNGO O FRANGIATO,,,https://www.enci.it/libro-genealogico/razze/levriero-afgano
SEGUGIO TRICOLORE JUGOSLAVO,229,6,SEGUGI E CANI PER PISTA DI SANGUE,1,CANI DA SEGUITA,,,https://www.enci.it/libro-genealogico/razze/segugio-tricolore-jugoslavo
TIBETAN MASTIFF,230,2,CANI DI TIPO PINSCHER E SCHNAUZER- MOLOSSOIDI E CANI BOVARI SVIZZERI,2,MOLOSSOIDI,,,https://www.enci.it/libro-genealogico/razze/tibetan-mastiff
TIBETAN SPANIEL,231,9,CANI DA COMPAGNIA,5,CANI DEL TIBET,,,https://www.enci.it/libro-genealogico/razze/tibetan-spaniel
CANE DA FERMA TEDESCO A PELO RUVIDO,232,7,CANI DA FERMA,1,CANI DA FERMA CONTINENTALI,,,https://www.enci.it/libro-genealogico/razze/cane-da-ferma-tedesco-a-pelo-ruvido
PICCOLO CANE LEONE,233,9,CANI DA COMPAGNIA,1,BICHONS E AFFINI,,,https://www.enci.it/libro-genealogico/razze/piccolo-cane-leone
XOLOITZCUINTLE,234,5,CANI TIPO SPITZ E TIPO PRIMITIVO,6,TIPO PRIMITIVO,A,"STANDARD",https://www.enci.it/libro-genealogico/razze/xoloitzcuintle
XOLOITZCUINTLE,234,5,CANI TIPO SPITZ E TIPO PRIMITIVO,6,TIPO PRIMITIVO,B,"INTERMEDIO",https://www.enci.it/libro-genealogico/razze/xoloitzcuintle
XOLOITZCUINTLE,234,5,CANI TIPO SPITZ E TIPO PRIMITIVO,6,TIPO PRIMITIVO,C,"MINIATURA",https://www.enci.it/libro-genealogico/razze/xoloitzcuintle
ALANO,235,2,CANI DI TIPO PINSCHER E SCHNAUZER- MOLOSSOIDI E CANI BOVARI SVIZZERI,2,MOLOSSOIDI,A,"FULVO",https://www.enci.it/libro-genealogico/razze/alano
ALANO,235,2,CANI DI TIPO PINSCHER E SCHNAUZER- MOLOSSOIDI E CANI BOVARI SVIZZERI,2,MOLOSSOIDI,B,"TIGRATO",https://www.enci.it/libro-genealogico/razze/alano
ALANO,235,2,CANI DI TIPO PINSCHER E SCHNAUZER- MOLOSSOIDI E CANI BOVARI SVIZZERI,2,MOLOSSOIDI,C,"NERO",https://www.enci.it/libro-genealogico/razze/alano
ALANO,235,2,CANI DI TIPO PINSCHER E SCHNAUZER- MOLOSSOIDI E CANI BOVARI SVIZZERI,2,MOLOSSOIDI,D,"ARLECCHINO",https://www.enci.it/libro-genealogico/razze/alano
ALANO,235,2,CANI DI TIPO PINSCHER E SCHNAUZER- MOLOSSOIDI E CANI BOVARI SVIZZERI,2,MOLOSSOIDI,E,"MERLE",https://www.enci.it/libro-genealogico/razze/alano
ALANO,235,2,CANI DI TIPO PINSCHER E SCHNAUZER- MOLOSSOIDI E CANI BOVARI SVIZZERI,2,MOLOSSOIDI,F,"BLU",https://www.enci.it/libro-genealogico/razze/alano
AUSTRALIAN SILKY TERRIER,236,3,TERRIER,4,TERRIER DI COMPAGNIA (GAMBA CORTA),,,https://www.enci.it/libro-genealogico/razze/australian-silky-terrier
NORSK BUHUND,237,5,CANI TIPO SPITZ E TIPO PRIMITIVO,3,CANI NORDICI DA GUARDIA E DA PASTORE,,,https://www.enci.it/libro-genealogico/razze/norsk-buhund
MUDI,238,1,CANI DA PASTORE E BOVARI (ESCLUSI BOVARI SVIZZERI),1,CANI DA PASTORE,,,https://www.enci.it/libro-genealogico/razze/mudi
BRACCO UNGHERESE A PELO DURO,239,7,CANI DA FERMA,1,CANI DA FERMA CONTINENTALI,,,https://www.enci.it/libro-genealogico/razze/bracco-ungherese-a-pelo-duro
MAGYAR AGAR,240,10,LEVRIERI,3,LEVRIERI A PELO CORTO,,,https://www.enci.it/libro-genealogico/razze/magyar-agar
SEGUGIO DELLA TRANSILVANIA,241,6,SEGUGI E CANI PER PISTA DI SANGUE,1,CANI DA SEGUITA,,,https://www.enci.it/libro-genealogico/razze/segugio-della-transilvania
NORSK ELGHUND GRIGIO,242,5,CANI TIPO SPITZ E TIPO PRIMITIVO,2,CANI NORDICI DA CACCIA,,,https://www.enci.it/libro-genealogico/razze/norsk-elghund-grigio
ALASKAN MALAMUTE,243,5,CANI TIPO SPITZ E TIPO PRIMITIVO,1,CANI NORDICI DA SLITTA,,,https://www.enci.it/libro-genealogico/razze/alaskan-malamute
SLOVENSKY KOPOV,244,6,SEGUGI E CANI PER PISTA DI SANGUE,1,CANI DA SEGUITA,,,https://www.enci.it/libro-genealogico/razze/slovensky-kopov
CANE DA FERMA BOEMO A PELO RUVIDO,245,7,CANI DA FERMA,1,CANI DA FERMA CONTINENTALI,,,https://www.enci.it/libro-genealogico/razze/cane-da-ferma-boemo-a-pelo-ruvido
TERRIER BOEMO,246,3,TERRIER,2,TERRIER DI PICCOLA TAGLIA (GAMBA CORTA),,,https://www.enci.it/libro-genealogico/razze/terrier-boemo
CANE DELL'ATLAS,247,2,CANI DI TIPO PINSCHER E SCHNAUZER- MOLOSSOIDI E CANI BOVARI SVIZZERI,2,MOLOSSOIDI,,,https://www.enci.it/libro-genealogico/razze/cane-dell-atlas
PHARAON HOUND,248,5,CANI TIPO SPITZ E TIPO PRIMITIVO,6,TIPO PRIMITIVO,,,https://www.enci.it/libro-genealogico/razze/pharaon-hound
PERRO DOGO MALLORQUIN,249,2,CANI DI TIPO PINSCHER E SCHNAUZER- MOLOSSOIDI E CANI BOVARI SVIZZERI,2,MOLOSSOIDI,,,https://www.enci.it/libro-genealogico/razze/perro-dogo-mallorquin
BICHON HAVANAIS,250,9,CANI DA COMPAGNIA,1,BICHONS E AFFINI,,,https://www.enci.it/libro-genealogico/razze/bichon-havanais
CANE DA PASTORE POLACCO DI VALLEE,251,1,CANI DA PASTORE E BOVARI (ESCLUSI BOVARI SVIZZERI),1,CANI DA PASTORE,,,https://www.enci.it/libro-genealogico/razze/cane-da-pastore-polacco-di-vallee
CANE DA PASTORE DI TATRA,252,1,CANI DA PASTORE E BOVARI (ESCLUSI BOVARI SVIZZERI),1,CANI DA PASTORE,,,https://www.enci.it/libro-genealogico/razze/cane-da-pastore-di-tatra
CARLINO,253,9,CANI DA COMPAGNIA,11,MOLOSSOIDI DI PICCOLA TAGLIA,A,"FULVO CON MASCHERA NERA",https://www.enci.it/libro-genealogico/razze/carlino
CARLINO,253,9,CANI DA COMPAGNIA,11,MOLOSSOIDI DI PICCOLA TAGLIA,B,"NERO",https://www.enci.it/libro-genealogico/razze/carlino
ALPENLAENDISCHE DACHSBRACKE,254,6,SEGUGI E CANI PER PISTA DI SANGUE,2,SEGUGI E CANI PER PISTA DI SANGUE,,,https://www.enci.it/libro-genealogico/razze/alpenlaendische-dachsbracke
AKITA,255,5,CANI TIPO SPITZ E TIPO PRIMITIVO,5,SPITZ ASIATICI E RAZZE AFFINI,,,https://www.enci.it/libro-genealogico/razze/akita
SHIBA,257,5,CANI TIPO SPITZ E TIPO PRIMITIVO,5,SPITZ ASIATICI E RAZZE AFFINI,,,https://www.enci.it/libro-genealogico/razze/shiba
TERRIER GIAPPONESE,259,3,TERRIER,2,TERRIER DI PICCOLA TAGLIA (GAMBA CORTA),,,https://www.enci.it/libro-genealogico/razze/terrier-giapponese
TOSA,260,2,CANI DI TIPO PINSCHER E SCHNAUZER- MOLOSSOIDI E CANI BOVARI SVIZZERI,2,MOLOSSOIDI,,,https://www.enci.it/libro-genealogico/razze/tosa
HOKKAIDO,261,5,CANI TIPO SPITZ E TIPO PRIMITIVO,5,SPITZ ASIATICI E RAZZE AFFINI,,,https://www.enci.it/libro-genealogico/razze/hokkaido
SPITZ GIAPPONESE,262,5,CANI TIPO SPITZ E TIPO PRIMITIVO,5,SPITZ ASIATICI E RAZZE AFFINI,,,https://www.enci.it/libro-genealogico/razze/spitz-giapponese
CHESAPEAKE BAY RETRIEVER,263,8,CANI DA RIPORTO CANI DA CERCA CANI DA ACQUA,1,CANI DA RIPORTO,,,https://www.enci.it/libro-genealogico/razze/chesapeake-bay-retriever
MASTIFF,264,2,CANI DI TIPO PINSCHER E SCHNAUZER- MOLOSSOIDI E CANI BOVARI SVIZZERI,2,MOLOSSOIDI,,,https://www.enci.it/libro-genealogico/razze/mastiff
NORSK LUNDEHUND,265,5,CANI TIPO SPITZ E TIPO PRIMITIVO,2,CANI NORDICI DA CACCIA,,,https://www.enci.it/libro-genealogico/razze/norsk-lundehund
HYGHENHUND,266,6,SEGUGI E CANI PER PISTA DI SANGUE,1,CANI DA SEGUITA,,,https://www.enci.it/libro-genealogico/razze/hyghenhund
HALDENSTOVARE,267,6,SEGUGI E CANI PER PISTA DI SANGUE,1,CANI DA SEGUITA,,,https://www.enci.it/libro-genealogico/razze/haldenstovare
NORSK ELGHUND NERO,268,5,CANI TIPO SPITZ E TIPO PRIMITIVO,2,CANI NORDICI DA CACCIA,,,https://www.enci.it/libro-genealogico/razze/norsk-elghund-nero
SALUKI,269,10,LEVRIERI,1,LEVRIERI A PELO LUNGO O FRANGIATO,,,https://www.enci.it/libro-genealogico/razze/saluki
SIBERIAN HUSKY,270,5,CANI TIPO SPITZ E TIPO PRIMITIVO,1,CANI NORDICI DA SLITTA,,,https://www.enci.it/libro-genealogico/razze/siberian-husky
BEARDED COLLIE,271,1,CANI DA PASTORE E BOVARI (ESCLUSI BOVARI SVIZZERI),1,CANI DA PASTORE,,,https://www.enci.it/libro-genealogico/razze/bearded-collie
NORFOLK TERRIER,272,3,TERRIER,2,TERRIER DI PICCOLA TAGLIA (GAMBA CORTA),,,https://www.enci.it/libro-genealogico/razze/norfolk-terrier
CANAAN DOG,273,5,CANI TIPO SPITZ E TIPO PRIMITIVO,6,TIPO PRIMITIVO,,,https://www.enci.it/libro-genealogico/razze/canaan-dog
GROENLANDESE,274,5,CANI TIPO SPITZ E TIPO PRIMITIVO,1,CANI NORDICI DA SLITTA,,,https://www.enci.it/libro-genealogico/razze/groenlandese
RASTREADOR BRASILEIRO,275,6,SEGUGI E CANI PER PISTA DI SANGUE,1,CANI DA SEGUITA,,,https://www.enci.it/libro-genealogico/razze/rastreador-brasileiro
NORBOTTENSPETS,276,5,CANI TIPO SPITZ E TIPO PRIMITIVO,2,CANI NORDICI DA CACCIA,,,https://www.enci.it/libro-genealogico/razze/norbottenspets
CANE DA PASTORE CROATO,277,1,CANI DA PASTORE E BOVARI (ESCLUSI BOVARI SVIZZERI),1,CANI DA PASTORE,,,https://www.enci.it/libro-genealogico/razze/cane-da-pastore-croato
CANE DA PASTORE DI KARST,278,2,CANI DI TIPO PINSCHER E SCHNAUZER- MOLOSSOIDI E CANI BOVARI SVIZZERI,2,MOLOSSOIDI,,,https://www.enci.it/libro-genealogico/razze/cane-da-pastore-di-karst
SEGUGIO YUGOSLAVO DA MONTAGNA,279,6,SEGUGI E CANI PER PISTA DI SANGUE,1,CANI DA SEGUITA,,,https://www.enci.it/libro-genealogico/razze/segugio-yugoslavo-da-montagna
GAMMEL DANSK HONSENHUND,281,7,CANI DA FERMA,1,CANI DA FERMA CONTINENTALI,,,https://www.enci.it/libro-genealogico/razze/gammel-dansk-honsenhund
GRAND GRIFFON VENDEEN,282,6,SEGUGI E CANI PER PISTA DI SANGUE,1,CANI DA SEGUITA,,,https://www.enci.it/libro-genealogico/razze/grand-griffon-vendeen
COTON DE TULEAR,283,9,CANI DA COMPAGNIA,1,BICHONS E AFFINI,,,https://www.enci.it/libro-genealogico/razze/coton-de-tulear
LAPINPOROKOIRA - PASTORE FINLANDESE DELLA LAPPONIA,284,5,CANI TIPO SPITZ E TIPO PRIMITIVO,3,CANI NORDICI DA GUARDIA E DA PASTORE,,,https://www.enci.it/libro-genealogico/razze/lapinporokoira-pastore-finlandese-della-lapponia
GALGO ESPANOL,285,10,LEVRIERI,3,LEVRIERI A PELO CORTO,,,https://www.enci.it/libro-genealogico/razze/galgo-espanol
AMERICAN STAFFORDSHIRE TERRIER,286,3,TERRIER,3,TERRIER DI TIPO BULL (GAMBA LUNGA),,,https://www.enci.it/libro-genealogico/razze/american-staffordshire-terrier
AUSTRALIAN CATTLEDOG,287,1,CANI DA PASTORE E BOVARI (ESCLUSI BOVARI SVIZZERI),2,CANI DA BOVARI (ESCLUSO BOVARI SVIZZERI),,,https://www.enci.it/libro-genealogico/razze/australian-cattledog
CHINESE CRESTED DOG,288,9,CANI DA COMPAGNIA,4,CANI NUDI,A,"SENZA PELO",https://www.enci.it/libro-genealogico/razze/chinese-crested-dog
CHINESE CRESTED DOG,288,9,CANI DA COMPAGNIA,4,CANI NUDI,B,"CON PELO",https://www.enci.it/libro-genealogico/razze/chinese-crested-dog
ICELAND DOG- CANE DA PASTORE DI ISLANDA,289,5,CANI TIPO SPITZ E TIPO PRIMITIVO,3,CANI NORDICI DA GUARDIA E DA PASTORE,,,https://www.enci.it/libro-genealogico/razze/iceland-dog-cane-da-pastore-di-islanda
BEAGLE HARRIER,290,6,SEGUGI E CANI PER PISTA DI SANGUE,1,CANI DA SEGUITA,,,https://www.enci.it/libro-genealogico/razze/beagle-harrier
EURASIER,291,5,CANI TIPO SPITZ E TIPO PRIMITIVO,5,SPITZ ASIATICI E RAZZE AFFINI,,,https://www.enci.it/libro-genealogico/razze/eurasier
DOGO ARGENTINO,292,2,CANI DI TIPO PINSCHER E SCHNAUZER- MOLOSSOIDI E CANI BOVARI SVIZZERI,2,MOLOSSOIDI,,,https://www.enci.it/libro-genealogico/razze/dogo-argentino
CANE DA PASTORE AUSTRALIANO KELPIE,293,1,CANI DA PASTORE E BOVARI (ESCLUSI BOVARI SVIZZERI),1,CANI DA PASTORE,,,https://www.enci.it/libro-genealogico/razze/cane-da-pastore-australiano-kelpie
OTTERHOUND,294,6,SEGUGI E CANI PER PISTA DI SANGUE,1,CANI DA SEGUITA,,,https://www.enci.it/libro-genealogico/razze/otterhound
HARRIER,295,6,SEGUGI E CANI PER PISTA DI SANGUE,1,CANI DA SEGUITA,,,https://www.enci.it/libro-genealogico/razze/harrier
CANE DA PASTORE SCOZZESE A PELO CORTO,296,1,CANI DA PASTORE E BOVARI (ESCLUSI BOVARI SVIZZERI),1,CANI DA PASTORE,,,https://www.enci.it/libro-genealogico/razze/cane-da-pastore-scozzese-a-pelo-corto
BORDER COLLIE,297,1,CANI DA PASTORE E BOVARI (ESCLUSI BOVARI SVIZZERI),1,CANI DA PASTORE,,,https://www.enci.it/libro-genealogico/razze/border-collie
LAGOTTO ROMAGNOLO,298,8,CANI DA RIPORTO CANI DA CERCA CANI DA ACQUA,3,CANI DA ACQUA,,,https://www.enci.it/libro-genealogico/razze/lagotto-romagnolo
SEGUGIO TEDESCO,299,6,SEGUGI E CANI PER PISTA DI SANGUE,1,CANI DA SEGUITA,,,https://www.enci.it/libro-genealogico/razze/segugio-tedesco
BLACK AND TAN COONHOUND,300,6,SEGUGI E CANI PER PISTA DI SANGUE,1,CANI DA SEGUITA,,,https://www.enci.it/libro-genealogico/razze/black-and-tan-coonhound
AMERICAN WATER SPANIEL,301,8,CANI DA RIPORTO CANI DA CERCA CANI DA ACQUA,3,CANI DA ACQUA,,,https://www.enci.it/libro-genealogico/razze/american-water-spaniel
IRISH GLEN OF IMAAL TERRIER,302,3,TERRIER,1,TERRIER DI TAGLIA GRANDE E MEDIA,,,https://www.enci.it/libro-genealogico/razze/irish-glen-of-imaal-terrier
FOXHOUND AMERICANO,303,6,SEGUGI E CANI PER PISTA DI SANGUE,1,CANI DA SEGUITA,,,https://www.enci.it/libro-genealogico/razze/foxhound-americano
LAIKA RUSSO-EUROPEO,304,5,CANI TIPO SPITZ E TIPO PRIMITIVO,2,CANI NORDICI DA CACCIA,,,https://www.enci.it/libro-genealogico/razze/laika-russo-europeo
LAIKA DELLA SIBERIA ORIENTALE,305,5,CANI TIPO SPITZ E TIPO PRIMITIVO,2,CANI NORDICI DA CACCIA,,,https://www.enci.it/libro-genealogico/razze/laika-della-siberia-orientale
LAIKA DELLA SIBERIA OCCIDENTALE,306,5,CANI TIPO SPITZ E TIPO PRIMITIVO,2,CANI NORDICI DA CACCIA,,,https://www.enci.it/libro-genealogico/razze/laika-della-siberia-occidentale
AZAWAKH,307,10,LEVRIERI,3,LEVRIERI A PELO CORTO,,,https://www.enci.it/libro-genealogico/razze/azawakh
SMOUSHOUND OLANDESE,308,2,CANI DI TIPO PINSCHER E SCHNAUZER- MOLOSSOIDI E CANI BOVARI SVIZZERI,1,TIPO PINSCHER E SCHNAUZER,,,https://www.enci.it/libro-genealogico/razze/smoushound-olandese
SHAR PEI,309,2,CANI DI TIPO PINSCHER E SCHNAUZER- MOLOSSOIDI E CANI BOVARI SVIZZERI,2,MOLOSSOIDI,,,https://www.enci.it/libro-genealogico/razze/shar-pei
PERRO SIN PELO DEL PERU',310,5,CANI TIPO SPITZ E TIPO PRIMITIVO,6,TIPO PRIMITIVO,A,"GRANDE",https://www.enci.it/libro-genealogico/razze/perro-sin-pelo-del-peru
PERRO SIN PELO DEL PERU',310,5,CANI TIPO SPITZ E TIPO PRIMITIVO,6,TIPO PRIMITIVO,B,"MEDIO",https://www.enci.it/libro-genealogico/razze/perro-sin-pelo-del-peru
PERRO SIN PELO DEL PERU',310,5,CANI TIPO SPITZ E TIPO PRIMITIVO,6,TIPO PRIMITIVO,C,"PICCOLO",https://www.enci.it/libro-genealogico/razze/perro-sin-pelo-del-peru
CANE LUPO DI SAARLOOS,311,1,CANI DA PASTORE E BOVARI (ESCLUSI BOVARI SVIZZERI),1,CANI DA PASTORE,,,https://www.enci.it/libro-genealogico/razze/cane-lupo-di-saarloos
NOVA SCOTIA DUCK TOLLING RETRIEVER,312,8,CANI DA RIPORTO CANI DA CERCA CANI DA ACQUA,1,CANI DA RIPORTO,,,https://www.enci.it/libro-genealogico/razze/nova-scotia-duck-tolling-retriever
SCHAPENDOES,313,1,CANI DA PASTORE E BOVARI (ESCLUSI BOVARI SVIZZERI),1,CANI DA PASTORE,,,https://www.enci.it/libro-genealogico/razze/schapendoes
KOOIKERHONDJE,314,8,CANI DA RIPORTO CANI DA CERCA CANI DA ACQUA,2,CANI DA CERCA,,,https://www.enci.it/libro-genealogico/razze/kooikerhondje
BROHOLMER,315,2,CANI DI TIPO PINSCHER E SCHNAUZER- MOLOSSOIDI E CANI BOVARI SVIZZERI,2,MOLOSSOIDI,,,https://www.enci.it/libro-genealogico/razze/broholmer
FRANCAIS BLANC E ORANGE,316,6,SEGUGI E CANI PER PISTA DI SANGUE,1,CANI DA SEGUITA,,,https://www.enci.it/libro-genealogico/razze/francais-blanc-e-orange
KAI,317,5,CANI TIPO SPITZ E TIPO PRIMITIVO,5,SPITZ ASIATICI E RAZZE AFFINI,,,https://www.enci.it/libro-genealogico/razze/kai
KISHU,318,5,CANI TIPO SPITZ E TIPO PRIMITIVO,5,SPITZ ASIATICI E RAZZE AFFINI,,,https://www.enci.it/libro-genealogico/razze/kishu
SHIKOKU,319,5,CANI TIPO SPITZ E TIPO PRIMITIVO,5,SPITZ ASIATICI E RAZZE AFFINI,,,https://www.enci.it/libro-genealogico/razze/shikoku
BRACCO SLOVACCO A PELO DURO,320,7,CANI DA FERMA,1,CANI DA FERMA CONTINENTALI,,,https://www.enci.it/libro-genealogico/razze/bracco-slovacco-a-pelo-duro
CANE DA PASTORE MALLORQUIN,321,1,CANI DA PASTORE E BOVARI (ESCLUSI BOVARI SVIZZERI),1,CANI DA PASTORE,A,"A PELO CORTO",https://www.enci.it/libro-genealogico/razze/cane-da-pastore-mallorquin
CANE DA PASTORE MALLORQUIN,321,1,CANI DA PASTORE E BOVARI (ESCLUSI BOVARI SVIZZERI),1,CANI DA PASTORE,B,"A PELO LUNGO",https://www.enci.it/libro-genealogico/razze/cane-da-pastore-mallorquin
GRAND ANGLO FRANCAIS TRICOLORE,322,6,SEGUGI E CANI PER PISTA DI SANGUE,1,CANI DA SEGUITA,,,https://www.enci.it/libro-genealogico/razze/grand-anglo-francais-tricolore
GRAND ANGLO FRANCAIS BLANC ET NOIR,323,6,SEGUGI E CANI PER PISTA DI SANGUE,1,CANI DA SEGUITA,,,https://www.enci.it/libro-genealogico/razze/grand-anglo-francais-blanc-et-noir
GRAND ANGLO FRANCAIS BLANC ET ORANGE,324,6,SEGUGI E CANI PER PISTA DI SANGUE,1,CANI DA SEGUITA,,,https://www.enci.it/libro-genealogico/razze/grand-anglo-francais-blanc-et-orange
ANGLO FRANCAIS DE PETITE VENERIE,325,6,SEGUGI E CANI PER PISTA DI SANGUE,1,CANI DA SEGUITA,,,https://www.enci.it/libro-genealogico/razze/anglo-francais-de-petite-venerie
CANE DA PASTORE DELLA RUSSIA MERIDIONALE,326,1,CANI DA PASTORE E BOVARI (ESCLUSI BOVARI SVIZZERI),1,CANI DA PASTORE,,,https://www.enci.it/libro-genealogico/razze/cane-da-pastore-della-russia-meridionale
TERRIER NERO RUSSO,327,2,CANI DI TIPO PINSCHER E SCHNAUZER- MOLOSSOIDI E CANI BOVARI SVIZZERI,1,TIPO PINSCHER E SCHNAUZER,,,https://www.enci.it/libro-genealogico/razze/terrier-nero-russo
CANE DA PASTORE DEL CAUCASO,328,2,CANI DI TIPO PINSCHER E SCHNAUZER- MOLOSSOIDI E CANI BOVARI SVIZZERI,2,MOLOSSOIDI,,,https://www.enci.it/libro-genealogico/razze/cane-da-pastore-del-caucaso
PODENCO CANARIO,329,5,CANI TIPO SPITZ E TIPO PRIMITIVO,7,TIPO PRIMITIVO DA CACCIA,,,https://www.enci.it/libro-genealogico/razze/podenco-canario
SETTER IRLANDESE ROSSO-BIANCO,330,7,CANI DA FERMA,2,CANI DA FERMA BRITANNICI,,,https://www.enci.it/libro-genealogico/razze/setter-irlandese-rosso-bianco
KANGAL COBAN KOPEGI,331,2,CANI DI TIPO PINSCHER E SCHNAUZER- MOLOSSOIDI E CANI BOVARI SVIZZERI,2,MOLOSSOIDI,,,https://www.enci.it/libro-genealogico/razze/kangal-coban-kopegi
CANE LUPO CECOSLOVACCO,332,1,CANI DA PASTORE E BOVARI (ESCLUSI BOVARI SVIZZERI),1,CANI DA PASTORE,,,https://www.enci.it/libro-genealogico/razze/cane-lupo-cecoslovacco
LEVRIERO POLACCO,333,10,LEVRIERI,3,LEVRIERI A PELO CORTO,,,https://www.enci.it/libro-genealogico/razze/levriero-polacco
KOREA JINDO DOG,334,5,CANI TIPO SPITZ E TIPO PRIMITIVO,5,SPITZ ASIATICI E RAZZE AFFINI,,,https://www.enci.it/libro-genealogico/razze/korea-jindo-dog
CANE DA PASTORE DELL'ASIA CENTRALE,335,2,CANI DI TIPO PINSCHER E SCHNAUZER- MOLOSSOIDI E CANI BOVARI SVIZZERI,2,MOLOSSOIDI,,,https://www.enci.it/libro-genealogico/razze/cane-da-pastore-dell-asia-centrale
PERRO DE AGUA ESPANOL,336,8,CANI DA RIPORTO CANI DA CERCA CANI DA ACQUA,3,CANI DA ACQUA,,,https://www.enci.it/libro-genealogico/razze/perro-de-agua-espanol
SEGUGIO ITALIANO A PELO RASO,337,6,SEGUGI E CANI PER PISTA DI SANGUE,1,CANI DA SEGUITA,,,https://www.enci.it/libro-genealogico/razze/segugio-italiano-a-pelo-raso
THAI RIDGEBACK DOG,338,5,CANI TIPO SPITZ E TIPO PRIMITIVO,8,TIPO PRIMITIVO DA CACCIA CON UNA CRESTA SUL DORSO,,,https://www.enci.it/libro-genealogico/razze/thai-ridgeback-dog
PARSON RUSSELL TERRIER,339,3,TERRIER,1,TERRIER DI TAGLIA GRANDE E MEDIA,,,https://www.enci.it/libro-genealogico/razze/parson-russell-terrier
CAO FILA DE SAO MIGUEL,340,2,CANI DI TIPO PINSCHER E SCHNAUZER- MOLOSSOIDI E CANI BOVARI SVIZZERI,2,MOLOSSOIDI,,,https://www.enci.it/libro-genealogico/razze/cao-fila-de-sao-miguel
TERRIER BRAZILEIRO,341,3,TERRIER,1,TERRIER DI TAGLIA GRANDE E MEDIA,,,https://www.enci.it/libro-genealogico/razze/terrier-brazileiro
AUSTRALIAN SHEPHERD,342,1,CANI DA PASTORE E BOVARI (ESCLUSI BOVARI SVIZZERI),1,CANI DA PASTORE,,,https://www.enci.it/libro-genealogico/razze/australian-shepherd
CANE CORSO,343,2,CANI DI TIPO PINSCHER E SCHNAUZER- MOLOSSOIDI E CANI BOVARI SVIZZERI,2,MOLOSSOIDI,,,https://www.enci.it/libro-genealogico/razze/cane-corso
AKITA AMERICANO,344,5,CANI TIPO SPITZ E TIPO PRIMITIVO,5,SPITZ ASIATICI E RAZZE AFFINI,,,https://www.enci.it/libro-genealogico/razze/akita-americano
JACK RUSSELL TERRIER,345,3,TERRIER,2,TERRIER DI PICCOLA TAGLIA (GAMBA CORTA),,,https://www.enci.it/libro-genealogico/razze/jack-russell-terrier
PRESA CANARIO,346,2,CANI DI TIPO PINSCHER E SCHNAUZER- MOLOSSOIDI E CANI BOVARI SVIZZERI,2,MOLOSSOIDI,,,https://www.enci.it/libro-genealogico/razze/presa-canario
PASTORE SVIZZERO BIANCO,347,1,CANI DA PASTORE E BOVARI (ESCLUSI BOVARI SVIZZERI),1,CANI DA PASTORE,,,https://www.enci.it/libro-genealogico/razze/pastore-svizzero-bianco
TAIWAN DOG,348,5,CANI TIPO SPITZ E TIPO PRIMITIVO,7,TIPO PRIMITIVO DA CACCIA,,,https://www.enci.it/libro-genealogico/razze/taiwan-dog
ROMANIAN MIORITIC SHEPERD DOG,349,1,CANI DA PASTORE E BOVARI (ESCLUSI BOVARI SVIZZERI),1,CANI DA PASTORE,,,https://www.enci.it/libro-genealogico/razze/romanian-mioritic-sheperd-dog
ROMANIAN CARPATHIAN SHEPERD DOG,350,1,CANI DA PASTORE E BOVARI (ESCLUSI BOVARI SVIZZERI),1,CANI DA PASTORE,,,https://www.enci.it/libro-genealogico/razze/romanian-carpathian-sheperd-dog
AUSTRALIAN STUMPY TAIL CATTLE DOG,351,1,CANI DA PASTORE E BOVARI (ESCLUSI BOVARI SVIZZERI),2,CANI DA BOVARI (ESCLUSO BOVARI SVIZZERI),,,https://www.enci.it/libro-genealogico/razze/australian-stumpy-tail-cattle-dog
RUSSIAN TOY,352,9,CANI DA COMPAGNIA,9,SPANIEL NANI CONTINENTALI,A,"PELO CORTO",https://www.enci.it/libro-genealogico/razze/russian-toy
RUSSIAN TOY,352,9,CANI DA COMPAGNIA,9,SPANIEL NANI CONTINENTALI,B,"PELO LUNGO",https://www.enci.it/libro-genealogico/razze/russian-toy
CIMARRON URUGUAYO,353,2,CANI DI TIPO PINSCHER E SCHNAUZER- MOLOSSOIDI E CANI BOVARI SVIZZERI,2,MOLOSSOIDI,,,https://www.enci.it/libro-genealogico/razze/cimarron-uruguayo
GONCZY POLSKI,354,6,SEGUGI E CANI PER PISTA DI SANGUE,1,CANI DA SEGUITA,,,https://www.enci.it/libro-genealogico/razze/gonczy-polski
TORNJAK,355,2,CANI DI TIPO PINSCHER E SCHNAUZER- MOLOSSOIDI E CANI BOVARI SVIZZERI,2,MOLOSSOIDI,,,https://www.enci.it/libro-genealogico/razze/tornjak
DANSK-SVENSK GARDSHUND,356,2,CANI DI TIPO PINSCHER E SCHNAUZER- MOLOSSOIDI E CANI BOVARI SVIZZERI,1,TIPO PINSCHER E SCHNAUZER,,,https://www.enci.it/libro-genealogico/razze/dansk-svensk-gardshund
CIOBANESC ROMANESC DE BUCOVINA,357,2,CANI DI TIPO PINSCHER E SCHNAUZER- MOLOSSOIDI E CANI BOVARI SVIZZERI,2,MOLOSSOIDI,,,https://www.enci.it/libro-genealogico/razze/ciobanesc-romanesc-de-bucovina
THAI BANGKAEW DOG,358,5,CANI TIPO SPITZ E TIPO PRIMITIVO,5,SPITZ ASIATICI E RAZZE AFFINI,,,https://www.enci.it/libro-genealogico/razze/thai-bangkaew-dog
BULL TERRIER INGLESE MINIATURA,359,3,TERRIER,3,TERRIER DI TIPO BULL (GAMBA LUNGA),,,https://www.enci.it/libro-genealogico/razze/bull-terrier-inglese-miniatura
LANCASHIRE HEELER,360,1,CANI DA PASTORE E BOVARI (ESCLUSI BOVARI SVIZZERI),1,CANI DA PASTORE,,,https://www.enci.it/libro-genealogico/razze/lancashire-heeler
SEGUGIO MAREMMANO,361,6,SEGUGI E CANI PER PISTA DI SANGUE,2,SEGUGI E CANI PER PISTA DI SANGUE,A,"A PELO FORTE",https://www.enci.it/libro-genealogico/razze/segugio-maremmano
SEGUGIO MAREMMANO,361,6,SEGUGI E CANI PER PISTA DI SANGUE,2,SEGUGI E CANI PER PISTA DI SANGUE,B,"A PELO RASO",https://www.enci.it/libro-genealogico/razze/segugio-maremmano
ANJING KINTAMANI-BALI,362,5,CANI TIPO SPITZ E TIPO PRIMITIVO,5,SPITZ ASIATICI E RAZZE AFFINI,,,https://www.enci.it/libro-genealogico/razze/anjing-kintamani-bali
PRAZSKY KRYSARIK,363,9,CANI DA COMPAGNIA,9,SPANIEL NANI CONTINENTALI,,,https://www.enci.it/libro-genealogico/razze/prazsky-krysarik
CHODSKÝ PES (CZ),364,1,CANI DA PASTORE E BOVARI (ESCLUSI BOVARI SVIZZERI),1,CANI DA PASTORE,,,https://www.enci.it/libro-genealogico/razze/chodsky-pes-cz
YAKUTSKAYA LAIKA,365,5,Cani di tipo Spitz e di tipo primitivo,1,Cani nordici da slitta,,,https://www.enci.it/libro-genealogico/razze/yakutskaya-laika
EESTI HAGIJAS,366,6,SEGUGI E CANI PER PISTA DI SANGUE,1,CANI DA SEGUITA,,,https://www.enci.it/libro-genealogico/razze/eesti-hagijas
MINIATURE AMERICAN SHEPHERD,367,1,CANI DA PASTORE E BOVARI (ESCLUSI BOVARI SVIZZERI),1,CANI DA PASTORE,,,https://www.enci.it/libro-genealogico/razze/miniature-american-shepherd
CAO DE GADO TRANSMONTANO,368,2,CANI DI TIPO PINSCHER E SCHNAUZER- MOLOSSOIDI E CANI BOVARI SVIZZERI,2,TIPO CANE DA MONTAGNA,,,https://www.enci.it/libro-genealogico/razze/cao-de-gado-transmontano
CONTINENTAL BULLDOG,369,2,CANI DI TIPO PINSCHER E SCHNAUZER- MOLOSSOIDI E CANI BOVARI SVIZZERI,2,CANI DA MONTAGNA,,,https://www.enci.it/libro-genealogico/razze/continental-bulldog
GOS RATER VALENCIA,370,3,TERRIER,1,TERRIER DI TAGLIA GRANDE E MEDIA,,,https://www.enci.it/libro-genealogico/razze/gos-rater-valencia
SEGUGIO DELL'APPENNINO,901,6,SEGUGI E CANI PER PISTA DI SANGUE,2,SEGUGI E CANI PER PISTA DI SANGUE,A,"A PELO FORTE",https://www.enci.it/libro-genealogico/razze/segugio-dell-appennino
SEGUGIO DELL'APPENNINO,901,6,SEGUGI E CANI PER PISTA DI SANGUE,2,SEGUGI E CANI PER PISTA DI SANGUE,B,"A PELO RASO",https://www.enci.it/libro-genealogico/razze/segugio-dell-appennino
CANE FONNESE,902,2,CANI DI TIPO PINSCHER E SCHNAUZER- MOLOSSOIDI E CANI BOVARI SVIZZERI,2,MOLOSSOIDI,,,https://www.enci.it/libro-genealogico/razze/cane-fonnese
MASTINO SICILIANO/CANE DI MANNARA,903,2,CANI DI TIPO PINSCHER E SCHNAUZER- MOLOSSOIDI E CANI BOVARI SVIZZERI,2,MOLOSSOIDI,,,https://www.enci.it/libro-genealogico/razze/mastino-siciliano-cane-di-mannara
CANE DA PASTORE DELLA SILA,904,1,CANI DA PASTORE E BOVARI (ESCLUSI BOVARI SVIZZERI),1,CANI DA PASTORE,,,https://www.enci.it/libro-genealogico/razze/cane-da-pastore-della-sila
CANE DA PASTORE DI OROPA,905,1,CANI DA PASTORE E BOVARI (ESCLUSI BOVARI SVIZZERI),1,CANI DA PASTORE,,,https://www.enci.it/libro-genealogico/razze/cane-da-pastore-di-oropa
SPINO DEGLI IBLEI,906,1,CANI DA PASTORE E BOVARI (ESCLUSI BOVARI SVIZZERI),1,CANI DA PASTORE,,,https://www.enci.it/libro-genealogico/razze/spino-degli-iblei
PASTORE DELLA LESSINIA E DEL LAGORAI,907,1,CANI DA PASTORE E BOVARI (ESCLUSI BOVARI SVIZZERI),1,CANI DA PASTORE,,,https://www.enci.it/libro-genealogico/razze/pastore-della-lessinia-e-del-lagorai
CANE DELLE ALPI APUANE,908,1,CANI DA PASTORE E BOVARI (ESCLUSI BOVARI SVIZZERI),1,CANI DA PASTORE,,,https://www.enci.it/libro-genealogico/razze/cane-delle-alpi-apuane
