Breed,FCINumber,Section,Subsection,Country,Status,DateAcceptance,DateStandard,Language,WorkingTrial,URL
AFFENPINSCHER,186,Pinscher and Schnauzer type,Pinscher,"GERMANY",Recognized on a definitive basis,7/15/1955,3/26/2009,German,"Not subject to a working trial according to the FCI breeds nomenclature",https://fci.be/en/nomenclature/AFFENPINSCHER-186.html
AFGHAN HOUND,228,Long-haired or fringed Sighthounds,,"AFGHANISTAN",Recognized on a definitive basis,12/12/1961,7/27/2021,English,"Not subject to a working trial according to the FCI breeds nomenclature",https://fci.be/en/nomenclature/AFGHAN-HOUND-228.html
AIREDALE TERRIER,7,Large and medium sized Terriers,,"GREAT BRITAIN",Recognized on a definitive basis,5/28/1963,7/27/2021,English,"Subject to a working trial only for the countries having applied for it",https://fci.be/en/nomenclature/AIREDALE-TERRIER-7.html
AKITA,255,Asian Spitz and related breeds,,"JAPAN",Recognized on a definitive basis,3/13/1964,3/13/2001,English,"Not subject to a working trial according to the FCI breeds nomenclature",https://fci.be/en/nomenclature/AKITA-255.html
ALASKAN MALAMUTE,243,Nordic Sledge Dogs,,"UNITED STATES OF AMERICA",Recognized on a definitive basis,5/13/1963,3/9/2023,English,"Not subject to a working trial according to the FCI breeds nomenclature",https://fci.be/en/nomenclature/ALASKAN-MALAMUTE-243.html
ALPENLÄNDISCHE DACHSBRACKE,254,Leash (scent) Hounds,,"AUSTRIA",Recognized on a definitive basis,6/1/1975,10/10/1995,German,"Subject to a working trial according to the FCI Breeds Nomenclature",https://fci.be/en/nomenclature/ALPINE-DACHSBRACKE-254.html
AMERICAN AKITA,344,Asian Spitz and related breeds,,"JAPAN",Recognized on a definitive basis,5/30/1999,1/6/2015,English,"Not subject to a working trial according to the FCI breeds nomenclature",https://fci.be/en/nomenclature/AMERICAN-AKITA-344.html
AMERICAN COCKER SPANIEL,167,Flushing Dogs,,"UNITED STATES OF AMERICA",Recognized on a definitive basis,1/1/1965,7/27/2021,English,"Not subject to a working trial according to the FCI breeds nomenclature",https://fci.be/en/nomenclature/AMERICAN-COCKER-SPANIEL-167.html
AMERICAN FOXHOUND,303,Scent hounds,Large-sized Hounds,"UNITED STATES OF AMERICA",Recognized on a definitive basis,11/2/1979,11/2/1979,English,"Subject to a working trial according to the FCI Breeds Nomenclature",https://fci.be/en/nomenclature/AMERICAN-FOXHOUND-303.html
AMERICAN STAFFORDSHIRE TERRIER,286,Bull type Terriers,,"UNITED STATES OF AMERICA",Recognized on a definitive basis,6/10/1936,9/3/1996,English,"Not subject to a working trial according to the FCI breeds nomenclature",https://fci.be/en/nomenclature/AMERICAN-STAFFORDSHIRE-TERRIER-286.html
AMERICAN WATER SPANIEL,301,Water Dogs,,"UNITED STATES OF AMERICA",Recognized on a definitive basis,11/2/1979,2/14/1995,English,"Subject to a working trial according to the FCI Breeds Nomenclature",https://fci.be/en/nomenclature/AMERICAN-WATER-SPANIEL-301.html
ANGLO-FRANÇAIS DE PETITE VENERIE,325,Scent hounds,Medium-sized Hounds,"FRANCE",Recognized on a definitive basis,1/26/1983,1/26/1983,French,"Subject to a working trial according to the FCI Breeds Nomenclature",https://fci.be/en/nomenclature/MEDIUM-SIZED-ANGLO-FRENCH-HOUND-325.html
ANJING KINTAMANI-BALI,362,Asian Spitz and related breeds,,"INDONESIA",Recognized on a provisional basis,,6/13/2018,English,"Not subject to a working trial according to the FCI breeds nomenclature",https://fci.be/en/nomenclature/KINTAMANI-BALI-DOG-362.html
APPENZELLER SENNENHUND,46,Swiss Mountain- and Cattledogs,,"SWITZERLAND",Recognized on a definitive basis,7/27/1954,3/25/2003,German,"Not subject to a working trial according to the FCI breeds nomenclature",https://fci.be/en/nomenclature/APPENZELL-CATTLE-DOG-46.html
ARIEGEOIS,20,Scent hounds,Medium-sized Hounds,"FRANCE",Recognized on a definitive basis,10/1/1954,1/24/1996,French,"Subject to a working trial according to the FCI Breeds Nomenclature",https://fci.be/en/nomenclature/ARIEGEOIS-20.html
AUSTRALIAN CATTLE DOG,287,Cattledogs (except Swiss Cattledogs),,"AUSTRALIA",Recognized on a definitive basis,3/20/1972,10/8/2012,English,"Not subject to a working trial according to the FCI breeds nomenclature",https://fci.be/en/nomenclature/AUSTRALIAN-CATTLE-DOG-287.html
AUSTRALIAN KELPIE,293,Sheepdogs,,"AUSTRALIA",Recognized on a definitive basis,9/3/1973,10/8/2012,English,"Subject to a working trial according to the FCI Breeds Nomenclature",https://fci.be/en/nomenclature/AUSTRALIAN-KELPIE-293.html
AUSTRALIAN SHEPHERD,342,Sheepdogs,,"UNITED STATES OF AMERICA",Recognized on a definitive basis,5/21/2007,3/26/2009,English,"Not subject to a working trial according to the FCI breeds nomenclature",https://fci.be/en/nomenclature/AUSTRALIAN-SHEPHERD-342.html
AUSTRALIAN SILKY TERRIER,236,Toy Terriers,,"AUSTRALIA",Recognized on a definitive basis,10/3/1962,10/8/2012,English,"Not subject to a working trial according to the FCI breeds nomenclature",https://fci.be/en/nomenclature/AUSTRALIAN-SILKY-TERRIER-236.html
AUSTRALIAN STUMPY TAIL CATTLE DOG,351,Cattledogs (except Swiss Cattledogs),,"AUSTRALIA",Recognized on a provisional basis,,7/6/2005,English,"Not subject to a working trial according to the FCI breeds nomenclature",https://fci.be/en/nomenclature/AUSTRALIAN-STUMPY-TAIL-CATTLE-DOG-351.html
AUSTRALIAN TERRIER,8,Small sized Terriers,,"AUSTRALIA",Recognized on a definitive basis,6/20/1963,10/8/2012,English,"Not subject to a working trial according to the FCI breeds nomenclature",https://fci.be/en/nomenclature/AUSTRALIAN-TERRIER-8.html
AZAWAKH,307,Short-haired Sighthounds,,"MALI",Recognized on a definitive basis,6/3/1980,9/4/2019,French,"Not subject to a working trial according to the FCI breeds nomenclature",https://fci.be/en/nomenclature/AZAWAKH-307.html
AÏDI (CHIEN DE MONTAGNE DE L'ATLAS),247,Molossian type,Mountain type,"MOROCCO",Recognized on a definitive basis,6/13/1963,3/25/2003,French,"Not subject to a working trial according to the FCI breeds nomenclature",https://fci.be/en/nomenclature/ATLAS-MOUNTAIN-DOG-AIDI-247.html
BARBET,105,Water Dogs,,"FRANCE",Recognized on a definitive basis,12/4/1954,2/21/2006,French,"Subject to a working trial according to the FCI Breeds Nomenclature",https://fci.be/en/nomenclature/FRENCH-WATER-DOG-105.html
BASENJI,43,Primitive type,,"CENTRAL AFRICA",Recognized on a definitive basis,3/26/1964,11/25/1999,English,"Not subject to a working trial according to the FCI breeds nomenclature",https://fci.be/en/nomenclature/BASENJI-43.html
BASSET ARTESIEN NORMAND,34,Scent hounds,Small-sized Hounds,"FRANCE",Recognized on a definitive basis,10/29/1963,8/1/2023,French,"Subject to a working trial according to the FCI Breeds Nomenclature",https://fci.be/en/nomenclature/NORMAN-ARTESIEN-BASSET-34.html
BASSET BLEU DE GASCOGNE,35,Scent hounds,Small-sized Hounds,"FRANCE",Recognized on a definitive basis,10/30/1963,8/1/2023,French,"Subject to a working trial according to the FCI Breeds Nomenclature",https://fci.be/en/nomenclature/BLUE-GASCONY-BASSET-35.html
BASSET FAUVE DE BRETAGNE,36,Scent hounds,Small-sized Hounds,"FRANCE",Recognized on a definitive basis,10/30/1963,3/25/2003,French,"Subject to a working trial according to the FCI Breeds Nomenclature",https://fci.be/en/nomenclature/BASSET-FAUVE-DE-BRETAGNE-36.html
BASSET HOUND,163,Scent hounds,Small-sized Hounds,"GREAT BRITAIN",Recognized on a definitive basis,4/28/1955,10/13/2010,English,"Subject to a working trial according to the FCI Breeds Nomenclature",https://fci.be/en/nomenclature/BASSET-HOUND-163.html
BAYERISCHER GEBIRGSSCHWEISSHUND,217,Leash (scent) Hounds,,"GERMANY",Recognized on a definitive basis,11/14/1959,8/22/2017,German,"Subject to a working trial according to the FCI Breeds Nomenclature",https://fci.be/en/nomenclature/BAVARIAN-MOUNTAIN-SCENT-HOUND-217.html
BEAGLE,161,Scent hounds,Small-sized Hounds,"GREAT BRITAIN",Recognized on a definitive basis,4/26/1955,10/13/2010,English,"Subject to a working trial according to the FCI Breeds Nomenclature",https://fci.be/en/nomenclature/BEAGLE-161.html
BEAGLE-HARRIER,290,Scent hounds,Medium-sized Hounds,"FRANCE",Recognized on a definitive basis,9/2/1972,8/1/2023,French,"Subject to a working trial according to the FCI Breeds Nomenclature",https://fci.be/en/nomenclature/BEAGLE-HARRIER-290.html
BEARDED COLLIE,271,Sheepdogs,,"GREAT BRITAIN",Recognized on a definitive basis,8/30/1967,11/3/2014,English,"Not subject to a working trial according to the FCI breeds nomenclature",https://fci.be/en/nomenclature/BEARDED-COLLIE-271.html
BEDLINGTON TERRIER,9,Large and medium sized Terriers,,"GREAT BRITAIN",Recognized on a definitive basis,6/20/1963,10/13/2010,English,"Not subject to a working trial according to the FCI breeds nomenclature",https://fci.be/en/nomenclature/BEDLINGTON-TERRIER-9.html
BERGER BLANC SUISSE,347,Sheepdogs,,"SWITZERLAND",Recognized on a definitive basis,7/4/2011,7/4/2011,French,"Not subject to a working trial according to the FCI breeds nomenclature",https://fci.be/en/nomenclature/WHITE-SWISS-SHEPHERD-DOG-347.html
BERGER DE BEAUCE,44,Sheepdogs,,"FRANCE",Recognized on a definitive basis,11/25/1963,8/1/2023,French,"Subject to a working trial according to the FCI Breeds Nomenclature",https://fci.be/en/nomenclature/BEAUCE-SHEEPDOG-44.html
BERGER DE BRIE,113,Sheepdogs,,"FRANCE",Recognized on a definitive basis,12/14/1954,11/4/2008,French,"Subject to a working trial according to the FCI Breeds Nomenclature",https://fci.be/en/nomenclature/BRIARD-113.html
BERGER DE PICARDIE,176,Sheepdogs,,"FRANCE",Recognized on a definitive basis,6/27/1955,11/4/2008,French,"Subject to a working trial according to the FCI Breeds Nomenclature",https://fci.be/en/nomenclature/PICARDY-SHEEPDOG-176.html
BERNER SENNENHUND,45,Swiss Mountain- and Cattledogs,,"SWITZERLAND",Recognized on a definitive basis,7/26/1954,3/25/2003,German,"Not subject to a working trial according to the FCI breeds nomenclature",https://fci.be/en/nomenclature/BERNESE-MOUNTAIN-DOG-45.html
BICHON A POIL FRISE,215,Bichons and related breeds,Bichons,"BELGIUM, FRANCE",Recognized on a definitive basis,10/28/1959,4/4/2016,French,"Not subject to a working trial according to the FCI breeds nomenclature",https://fci.be/en/nomenclature/BICHON-FRISE-215.html
BICHON HAVANAIS,250,Bichons and related breeds,Bichons,"CUBA",Recognized on a definitive basis,9/24/1963,10/31/2016,French,"Not subject to a working trial according to the FCI breeds nomenclature",https://fci.be/en/nomenclature/HAVANESE-250.html
BILLY,25,Scent hounds,Large-sized Hounds,"FRANCE",Recognized on a definitive basis,10/14/1963,12/28/1973,French,"Subject to a working trial according to the FCI Breeds Nomenclature",https://fci.be/en/nomenclature/BILLY-25.html
BLACK AND TAN COONHOUND,300,Scent hounds,Large-sized Hounds,"UNITED STATES OF AMERICA",Recognized on a definitive basis,7/10/1945,1/30/1991,English,"Not subject to a working trial according to the FCI breeds nomenclature",https://fci.be/en/nomenclature/BLACK-AND-TAN-COONHOUND-300.html
BOLOGNESE,196,Bichons and related breeds,Bichons,"ITALY",Recognized on a definitive basis,3/5/1956,11/13/2015,English,"Not subject to a working trial according to the FCI breeds nomenclature",https://fci.be/en/nomenclature/BOLOGNESE-196.html
BORDER COLLIE,297,Sheepdogs,,"GREAT BRITAIN",Recognized on a definitive basis,9/27/1977,6/24/1987,English,"Subject to a working trial according to the FCI Breeds Nomenclature",https://fci.be/en/nomenclature/BORDER-COLLIE-297.html
BORDER TERRIER,10,Large and medium sized Terriers,,"GREAT BRITAIN",Recognized on a definitive basis,6/26/1963,6/24/1987,English,"Subject to a working trial for some countries",https://fci.be/en/nomenclature/BORDER-TERRIER-10.html
BOSANSKI OSTRODLAKI GONIC-BARAK,155,Scent hounds,Medium-sized Hounds,"BOSNIA AND HERZEGOVINA",Recognized on a definitive basis,4/9/1955,1/15/1973,English,"Subject to a working trial according to the FCI Breeds Nomenclature",https://fci.be/en/nomenclature/BOSNIAN-BROKEN-HAIRED-HOUND-CALLED-BARAK-155.html
BOSTON TERRIER,140,Small Molossian type Dogs,,"UNITED STATES OF AMERICA",Recognized on a definitive basis,1/29/1955,1/28/2013,English,"Not subject to a working trial according to the FCI breeds nomenclature",https://fci.be/en/nomenclature/BOSTON-TERRIER-140.html
BOULEDOGUE FRANÇAIS,101,Small Molossian type Dogs,,"FRANCE",Recognized on a definitive basis,11/30/1954,8/10/2023,French,"Not subject to a working trial according to the FCI breeds nomenclature",https://fci.be/en/nomenclature/FRENCH-BULLDOG-101.html
BOUVIER DES ARDENNES,171,Cattledogs (except Swiss Cattledogs),,"BELGIUM",Recognized on a definitive basis,6/13/1955,10/25/2000,French,"Subject to a working trial according to the FCI Breeds Nomenclature",https://fci.be/en/nomenclature/BOUVIER-DES-ARDENNES-171.html
BOUVIER DES FLANDRES-VLAAMSE KOEHOND,191,Cattledogs (except Swiss Cattledogs),,"BELGIUM, FRANCE",Recognized on a definitive basis,11/1/1955,10/25/2000,French,"Subject to a working trial according to the FCI Breeds Nomenclature",https://fci.be/en/nomenclature/BOUVIER-DES-FLANDRES-191.html
BRACCO ITALIANO,202,Continental Pointing Dogs,«Braque»Type,"ITALY",Recognized on a definitive basis,6/7/1956,11/13/2015,English,"Subject to a working trial according to the FCI Breeds Nomenclature",https://fci.be/en/nomenclature/ITALIAN-POINTING-DOG-202.html
BRANDLBRACKE - (VIERÄUGL),63,Scent hounds,Medium-sized Hounds,"AUSTRIA",Recognized on a definitive basis,9/3/1954,10/10/1995,German,"Subject to a working trial according to the FCI Breeds Nomenclature",https://fci.be/en/nomenclature/AUSTRIAN-BLACK-AND-TAN-HOUND-63.html
BRAQUE D'AUVERGNE,180,Continental Pointing Dogs,«Braque»Type,"FRANCE",Recognized on a definitive basis,6/30/1955,3/24/2004,French,"Subject to a working trial according to the FCI Breeds Nomenclature",https://fci.be/en/nomenclature/AUVERGNE-POINTER-180.html
BRAQUE DE L'ARIÈGE,177,Continental Pointing Dogs,«Braque»Type,"FRANCE",Recognized on a definitive basis,6/28/1955,8/10/2023,French,"Subject to a working trial according to the FCI Breeds Nomenclature",https://fci.be/en/nomenclature/ARIEGE-POINTING-DOG-177.html
BRAQUE DU BOURBONNAIS,179,Continental Pointing Dogs,«Braque»Type,"FRANCE",Recognized on a definitive basis,6/29/1955,2/21/2006,French,"Subject to a working trial according to the FCI Breeds Nomenclature",https://fci.be/en/nomenclature/BOURBONNAIS-POINTING-DOG-179.html
BRAQUE FRANÇAIS - TYPE GASCOGNE,133,Continental Pointing Dogs,«Braque»Type,"FRANCE",Recognized on a definitive basis,1/17/1955,8/1/2023,French,"Subject to a working trial according to the FCI Breeds Nomenclature",https://fci.be/en/nomenclature/FRENCH-POINTING-DOG-GASCOGNE-TYPE-133.html
BRAQUE FRANÇAIS - TYPE PYRENEES,134,Continental Pointing Dogs,«Braque»Type,"FRANCE",Recognized on a definitive basis,1/18/1955,8/1/2023,French,"Subject to a working trial according to the FCI Breeds Nomenclature",https://fci.be/en/nomenclature/FRENCH-POINTING-DOG-PYRENEAN-TYPE-134.html
BRAQUE SAINT-GERMAIN,115,Continental Pointing Dogs,«Braque»Type,"FRANCE",Recognized on a definitive basis,12/16/1954,8/1/2023,French,"Subject to a working trial according to the FCI Breeds Nomenclature",https://fci.be/en/nomenclature/SAINT-GERMAIN-POINTER-115.html
BRIQUET GRIFFON VENDEEN,19,Scent hounds,Medium-sized Hounds,"FRANCE",Recognized on a definitive basis,10/2/1954,1/9/1999,French,"Subject to a working trial according to the FCI Breeds Nomenclature",https://fci.be/en/nomenclature/BRIQUET-GRIFFON-VENDEEN-19.html
BROHOLMER,315,Molossian type,Mastiff type,"DENMARK",Recognized on a definitive basis,5/26/1982,5/3/2025,English,"Not subject to a working trial according to the FCI breeds nomenclature",https://fci.be/en/nomenclature/BROHOLMER-315.html
BULDOGUE CAMPEIRO,374,Molossian type,Mastiff type,"BRAZIL",Recognized on a provisional basis,,8/6/2025,English,"Not subject to a working trial according to the FCI breeds nomenclature",https://fci.be/en/nomenclature/BRAZILIAN-CAMPEIRO-BULLDOG-374.html
BULL TERRIER,11,Bull type Terriers,,"GREAT BRITAIN",Recognized on a definitive basis,6/26/1993,7/5/2011,English,"Not subject to a working trial according to the FCI breeds nomenclature",https://fci.be/en/nomenclature/BULL-TERRIER-11.html
BULLDOG,149,Molossian type,Mastiff type,"GREAT BRITAIN",Recognized on a definitive basis,3/14/1955,10/13/2010,English,"Not subject to a working trial according to the FCI breeds nomenclature",https://fci.be/en/nomenclature/BULLDOG-149.html
BULLMASTIFF,157,Molossian type,Mastiff type,"GREAT BRITAIN",Recognized on a definitive basis,4/23/1955,8/10/2023,English,"Not subject to a working trial according to the FCI breeds nomenclature",https://fci.be/en/nomenclature/BULLMASTIFF-157.html
CA DE BESTIAR,321,Sheepdogs,,"SPAIN",Recognized on a definitive basis,5/26/1982,5/26/1982,Spanish,"Not subject to a working trial according to the FCI breeds nomenclature",https://fci.be/en/nomenclature/MAJORCA-SHEPHERD-DOG-321.html
CAIRN TERRIER,4,Small sized Terriers,,"GREAT BRITAIN",Recognized on a definitive basis,4/6/1963,6/24/1987,English,"Not subject to a working trial according to the FCI breeds nomenclature",https://fci.be/en/nomenclature/CAIRN-TERRIER-4.html
CANAAN DOG,273,Primitive type,,"ISRAEL",Recognized on a definitive basis,11/23/1966,11/28/1985,English,"Not subject to a working trial according to the FCI breeds nomenclature",https://fci.be/en/nomenclature/CANAAN-DOG-273.html
CANADIAN ESKIMO DOG,211,Nordic Sledge Dogs,,"CANADA",Recognized on a definitive basis,6/25/1959,2/28/2018,English,"Not subject to a working trial according to the FCI breeds nomenclature",https://fci.be/en/nomenclature/CANADIAN-ESKIMO-DOG-211.html
CANE CORSO ITALIANO,343,Molossian type,Mastiff type,"ITALY",Recognized on a definitive basis,5/21/2007,9/25/2023,English,"Subject to a working trial according to the FCI Breeds Nomenclature",https://fci.be/en/nomenclature/ITALIAN-CANE-CORSO-343.html
CANE DA PASTORE ABRUZZESE MAREMMANO,201,Sheepdogs,,"ITALY",Recognized on a definitive basis,3/13/1956,12/3/2025,English,"Not subject to a working trial according to the FCI breeds nomenclature",https://fci.be/en/nomenclature/ABRUZZES-AND-MAREMMA-SHEPHERD-DOG-201.html
CANE DA PASTORE BERGAMASCO,194,Sheepdogs,,"ITALY",Recognized on a definitive basis,2/23/1956,9/4/2020,English,"Subject to a working trial according to the FCI Breeds Nomenclature",https://fci.be/en/nomenclature/BERGAMASCO-SHEPHERD-DOG-194.html
CANICHE,172,Poodle,,"FRANCE",Recognized on a definitive basis,1/1/1955,3/20/2024,French,"Not subject to a working trial according to the FCI breeds nomenclature",https://fci.be/en/nomenclature/POODLE-172.html
CAVALIER KING CHARLES SPANIEL,136,English Toy Spaniels,,"GREAT BRITAIN",Recognized on a definitive basis,1/20/1955,11/4/2008,English,"Not subject to a working trial according to the FCI breeds nomenclature",https://fci.be/en/nomenclature/CAVALIER-KING-CHARLES-SPANIEL-136.html
CESKOSLOVENSKÝ VLCIAK,332,Sheepdogs,,"CZECHOSLOVAKIA",Recognized on a definitive basis,5/30/1999,9/3/1999,German,"Subject to a working trial according to the FCI Breeds Nomenclature",https://fci.be/en/nomenclature/CZECHOSLOVAKIAN-WOLFDOG-332.html
CESKÝ FOUSEK,245,Continental Pointing Dogs,«Griffon» type,"CZECH REPUBLIC",Recognized on a definitive basis,5/21/1963,5/21/1963,German,"Subject to a working trial according to the FCI Breeds Nomenclature",https://fci.be/en/nomenclature/BOHEMIAN-WIRE-HAIRED-POINTING-GRIFFON-245.html
CESKÝ TERIER,246,Small sized Terriers,,"CZECH REPUBLIC",Recognized on a definitive basis,5/24/1963,3/11/1997,German,"Not subject to a working trial according to the FCI breeds nomenclature",https://fci.be/en/nomenclature/CZECH-TERRIER-246.html
CHART POLSKI,333,Short-haired Sighthounds,,"POLAND",Recognized on a definitive basis,3/1/2001,10/1/1999,German,"Not subject to a working trial according to the FCI breeds nomenclature",https://fci.be/en/nomenclature/POLISH-GREYHOUND-333.html
CHESAPEAKE BAY RETRIEVER,263,Retrievers,,"UNITED STATES OF AMERICA",Recognized on a definitive basis,9/15/1964,2/14/1995,English,"Subject to a working trial according to the FCI Breeds Nomenclature",https://fci.be/en/nomenclature/CHESAPEAKE-BAY-RETRIEVER-263.html
CHIEN D'ARTOIS,28,Scent hounds,Medium-sized Hounds,"FRANCE",Recognized on a definitive basis,10/18/1963,7/24/1996,French,"Subject to a working trial according to the FCI Breeds Nomenclature",https://fci.be/en/nomenclature/ARTOIS-HOUND-28.html
CHIEN DE BERGER BELGE,15,Sheepdogs,,"BELGIUM",Recognized on a definitive basis,1/1/1956,3/13/2001,French,"Subject to a working trial according to the FCI Breeds Nomenclature",https://fci.be/en/nomenclature/BELGIAN-SHEPHERD-DOG-15.html
CHIEN DE BERGER DES PYRENEES A FACE RASE,138,Sheepdogs,,"FRANCE",Recognized on a definitive basis,1/26/1955,3/13/2001,French,"Subject to a working trial according to the FCI Breeds Nomenclature",https://fci.be/en/nomenclature/PYRENEAN-SHEEPDOG-SMOOTH-FACED-138.html
CHIEN DE BERGER DES PYRENEES A POIL LONG,141,Sheepdogs,,"FRANCE",Recognized on a definitive basis,1/28/1955,3/26/2009,French,"Subject to a working trial according to the FCI Breeds Nomenclature",https://fci.be/en/nomenclature/LONG-HAIRED-PYRENEAN-SHEEPDOG-141.html
CHIEN DE MONTAGNE DES PYRENEES,137,Molossian type,Mountain type,"FRANCE",Recognized on a definitive basis,1/25/1955,3/13/2001,French,"Not subject to a working trial according to the FCI breeds nomenclature",https://fci.be/en/nomenclature/PYRENEAN-MOUNTAIN-DOG-137.html
CHIEN DE SAINT HUBERT,84,Scent hounds,Large-sized Hounds,"BELGIUM",Recognized on a definitive basis,8/12/1960,3/13/2001,French,"Subject to a working trial according to the FCI Breeds Nomenclature",https://fci.be/en/nomenclature/BLOODHOUND-84.html
CHIHUAHUEÑO,218,Chihuahueno,,"MEXICO",Recognized on a definitive basis,12/4/1959,9/4/2019,Spanish,"Not subject to a working trial according to the FCI breeds nomenclature",https://fci.be/en/nomenclature/CHIHUAHUA-218.html
CHIN,206,Japan Chin and Pekingese,,"JAPAN",Recognized on a definitive basis,12/2/1957,4/4/2016,English,"Not subject to a working trial according to the FCI breeds nomenclature",https://fci.be/en/nomenclature/JAPANESE-CHIN-206.html
CHINESE CRESTED DOG,288,Hairless Dogs,,"CHINA",Recognized on a definitive basis,7/17/1972,7/27/2021,English,"Not subject to a working trial according to the FCI breeds nomenclature",https://fci.be/en/nomenclature/CHINESE-CRESTED-DOG-288.html
CHODSKY PES,364,Sheepdogs,,"CZECH REPUBLIC",Recognized on a provisional basis,,2/20/2019,English,"Subject to a working trial according to the FCI Breeds Nomenclature",https://fci.be/en/nomenclature/BOHEMIAN-SHEPHERD-DOG-364.html
CHOW CHOW,205,Asian Spitz and related breeds,,"CHINA",Recognized on a definitive basis,12/10/1957,10/13/2010,English,"Not subject to a working trial according to the FCI breeds nomenclature",https://fci.be/en/nomenclature/CHOW-CHOW-205.html
CIMARRÓN URUGUAYO,353,Molossian type,Mastiff type,"URUGUAY",Recognized on a definitive basis,11/7/2017,6/16/2022,Spanish,"Not subject to a working trial according to the FCI breeds nomenclature",https://fci.be/en/nomenclature/CIMARRON-URUGUAYO-353.html
CIOBANESC ROMÂNESC CARPATIN,350,Sheepdogs,,"ROMANIA",Recognized on a definitive basis,6/9/2015,6/9/2015,English,"Not subject to a working trial according to the FCI breeds nomenclature",https://fci.be/en/nomenclature/ROMANIAN-CARPATHIAN-SHEPHERD-DOG-350.html
CIOBANESC ROMÂNESC DE BUCOVINA,357,Molossian type,Mountain type,"ROMANIA",Recognized on a definitive basis,4/29/2019,8/20/2023,English,"Not subject to a working trial according to the FCI breeds nomenclature",https://fci.be/en/nomenclature/ROMANIAN-BUCOVINA-SHEPHERD-357.html
CIOBANESC ROMÂNESC MIORITIC,349,Sheepdogs,,"ROMANIA",Recognized on a definitive basis,6/9/2015,9/22/2022,English,"Not subject to a working trial according to the FCI breeds nomenclature",https://fci.be/en/nomenclature/ROMANIAN-MIORITIC-SHEPHERD-DOG-349.html
CIOBĂNESC ROMÂNESC CORB,373,Molossian type,Mountain type,"ROMANIA",Recognized on a provisional basis,,9/17/2024,English,"Not subject to a working trial according to the FCI breeds nomenclature",https://fci.be/en/nomenclature/ROMANIAN-RAVEN-SHEPHERD-DOG-373.html
CIRNECO DELL'ETNA,199,Primitive type - Hunting Dogs,,"ITALY",Recognized on a definitive basis,3/9/1956,10/30/2016,English,"Subject to a working trial according to the FCI Breeds Nomenclature",https://fci.be/en/nomenclature/CIRNECO-DELL-ETNA-199.html
CLUMBER SPANIEL,109,Flushing Dogs,,"GREAT BRITAIN",Recognized on a definitive basis,12/9/1954,10/13/2010,English,"Subject to a working trial according to the FCI Breeds Nomenclature",https://fci.be/en/nomenclature/CLUMBER-SPANIEL-109.html
COLLIE ROUGH,156,Sheepdogs,,"GREAT BRITAIN",Recognized on a definitive basis,4/13/1955,10/8/2012,English,"Not subject to a working trial according to the FCI breeds nomenclature",https://fci.be/en/nomenclature/COLLIE-ROUGH-156.html
COLLIE SMOOTH,296,Sheepdogs,,"GREAT BRITAIN",Recognized on a definitive basis,12/18/1974,7/27/2021,English,"Not subject to a working trial according to the FCI breeds nomenclature",https://fci.be/en/nomenclature/COLLIE-SMOOTH-296.html
CONTINENTAL BULLDOG,369,Molossian type,Mastiff type,"SWITZERLAND",Recognized on a provisional basis,,3/30/2022,German,"Not subject to a working trial according to the FCI breeds nomenclature",https://fci.be/en/nomenclature/CONTINENTAL-BULLDOG-369.html
COTON DE TULEAR,283,Bichons and related breeds,Coton de Tuléar,"MADAGASCAR",Recognized on a definitive basis,9/2/1970,11/25/1999,French,"Not subject to a working trial according to the FCI breeds nomenclature",https://fci.be/en/nomenclature/COTON-DE-TULEAR-283.html
CRNOGORSKI PLANINSKI GONIC,279,Scent hounds,Medium-sized Hounds,"MONTENEGRO",Recognized on a definitive basis,6/24/1969,12/19/2014,French,"Subject to a working trial according to the FCI Breeds Nomenclature",https://fci.be/en/nomenclature/MONTENEGRIN-MOUNTAIN-HOUND-279.html
CURLY COATED RETRIEVER,110,Retrievers,,"GREAT BRITAIN",Recognized on a definitive basis,12/10/1954,7/28/2009,English,"Subject to a working trial according to the FCI Breeds Nomenclature",https://fci.be/en/nomenclature/CURLY-COATED-RETRIEVER-110.html
CÃO DA SERRA DA ESTRELA,173,Molossian type,Mountain type,"PORTUGAL",Recognized on a definitive basis,6/23/1955,11/4/2008,English,"Not subject to a working trial according to the FCI breeds nomenclature",https://fci.be/en/nomenclature/ESTRELA-MOUNTAIN-DOG-173.html
CÃO DA SERRA DE AIRES,93,Sheepdogs,,"PORTUGAL",Recognized on a definitive basis,11/16/1954,11/4/2008,English,"Not subject to a working trial according to the FCI breeds nomenclature",https://fci.be/en/nomenclature/PORTUGUESE-SHEEPDOG-93.html
CÃO DE CASTRO LABOREIRO,170,Molossian type,Mountain type,"PORTUGAL",Recognized on a definitive basis,5/24/1955,11/4/2008,English,"Not subject to a working trial according to the FCI breeds nomenclature",https://fci.be/en/nomenclature/CASTRO-LABOREIRO-DOG-170.html
CÃO DE GADO TRANSMONTANO,368,Molossian type,Mountain type,"PORTUGAL",Recognized on a provisional basis,,2/26/2020,English,"Not subject to a working trial according to the FCI breeds nomenclature",https://fci.be/en/nomenclature/TRANSMONTANO-MASTIFF-368.html
CÃO DE ÁGUA PORTUGUÊS,37,Water Dogs,,"PORTUGAL",Recognized on a definitive basis,2/1/1955,11/4/2008,English,"Not subject to a working trial according to the FCI breeds nomenclature",https://fci.be/en/nomenclature/PORTUGUESE-WATER-DOG-37.html
CÃO FILA DE SÃO MIGUEL,340,Molossian type,Mastiff type,"PORTUGAL",Recognized on a definitive basis,5/21/2007,5/21/2007,English,"Not subject to a working trial according to the FCI breeds nomenclature",https://fci.be/en/nomenclature/SAINT-MIGUEL-CATTLE-DOG-340.html
DACHSHUND,148,,,"GERMANY",Recognized on a definitive basis,1/1/1955,5/25/2021,German,"Subject to a working trial according to the FCI Breeds Nomenclature",https://fci.be/en/nomenclature/DACHSHUND-148.html
DALMATINSKI PAS,153,Related breeds,,"CROATIA",Recognized on a definitive basis,1/1/1955,10/13/2010,German,"Not subject to a working trial according to the FCI breeds nomenclature",https://fci.be/en/nomenclature/DALMATIAN-153.html
DANDIE DINMONT TERRIER,168,Small sized Terriers,,"GREAT BRITAIN",Recognized on a definitive basis,5/12/1955,8/22/2017,English,"Not subject to a working trial according to the FCI breeds nomenclature",https://fci.be/en/nomenclature/DANDIE-DINMONT-TERRIER-168.html
DANSK-SVENSK GÅRDSHUND,356,Pinscher and Schnauzer type,Pinscher,"DENMARK, SWEDEN",Recognized on a definitive basis,4/29/2019,12/10/2018,English,"Not subject to a working trial according to the FCI breeds nomenclature",https://fci.be/en/nomenclature/DANISH-SWEDISH-FARMDOG-356.html
DEERHOUND,164,Rough-haired Sighthounds,,"GREAT BRITAIN",Recognized on a definitive basis,4/29/1955,10/8/2012,English,"Not subject to a working trial according to the FCI breeds nomenclature",https://fci.be/en/nomenclature/DEERHOUND-164.html
DEUTSCH DRAHTHAAR,98,Continental Pointing Dogs,«Braque»Type,"GERMANY",Recognized on a definitive basis,11/26/1954,10/25/2000,German,"Subject to a working trial according to the FCI Breeds Nomenclature",https://fci.be/en/nomenclature/GERMAN-WIRE-HAIRED-POINTING-DOG-98.html
DEUTSCH KURZHAAR,119,Continental Pointing Dogs,«Braque»Type,"GERMANY",Recognized on a definitive basis,1/1/1954,10/25/2000,German,"Subject to a working trial according to the FCI Breeds Nomenclature",https://fci.be/en/nomenclature/GERMAN-SHORT-HAIRED-POINTING-DOG-119.html
DEUTSCH LANGHAAR,117,Continental Pointing Dogs,Spaniel Type,"GERMANY",Recognized on a definitive basis,12/18/1954,11/10/2011,German,"Subject to a working trial according to the FCI Breeds Nomenclature",https://fci.be/en/nomenclature/DEUTSCH-LANGHAAR-117.html
DEUTSCH STICHELHAAR,232,Continental Pointing Dogs,«Braque»Type,"GERMANY",Recognized on a definitive basis,8/24/1961,11/29/2001,German,"Subject to a working trial according to the FCI Breeds Nomenclature",https://fci.be/en/nomenclature/DEUTSCH-STICHELHAAR-232.html
DEUTSCHE BRACKE,299,Scent hounds,Small-sized Hounds,"GERMANY",Recognized on a definitive basis,1/28/1964,6/24/1997,German,"Subject to a working trial according to the FCI Breeds Nomenclature",https://fci.be/en/nomenclature/GERMAN-HOUND-299.html
DEUTSCHE DOGGE,235,Molossian type,Mastiff type,"GERMANY",Recognized on a definitive basis,11/18/1961,8/21/2024,German,"Not subject to a working trial according to the FCI breeds nomenclature",https://fci.be/en/nomenclature/GREAT-DANE-235.html
DEUTSCHER BOXER,144,Molossian type,Mastiff type,"GERMANY",Recognized on a definitive basis,1/1/1955,4/1/2008,German,"Subject to a working trial according to the FCI Breeds Nomenclature",https://fci.be/en/nomenclature/BOXER-144.html
DEUTSCHER JAGDTERRIER,103,Large and medium sized Terriers,,"GERMANY",Recognized on a definitive basis,12/2/1954,3/19/2015,German,"Subject to a working trial according to the FCI Breeds Nomenclature",https://fci.be/en/nomenclature/GERMAN-HUNTING-TERRIER-103.html
DEUTSCHER PINSCHER,184,Pinscher and Schnauzer type,Pinscher,"GERMANY",Recognized on a definitive basis,7/14/1955,3/6/2007,German,"Not subject to a working trial according to the FCI breeds nomenclature",https://fci.be/en/nomenclature/GERMAN-PINSCHER-184.html
DEUTSCHER SCHÄFERHUND,166,Sheepdogs,,"GERMANY",Recognized on a definitive basis,1/1/1955,8/11/2010,German,"Subject to a working trial according to the FCI Breeds Nomenclature",https://fci.be/en/nomenclature/GERMAN-SHEPHERD-DOG-166.html
DEUTSCHER SPITZ,97,European Spitz,,"GERMANY",Recognized on a definitive basis,1/1/1957,9/3/2024,German,"Not subject to a working trial according to the FCI breeds nomenclature",https://fci.be/en/nomenclature/GERMAN-SPITZ-97.html
DEUTSCHER WACHTELHUND,104,Flushing Dogs,,"GERMANY",Recognized on a definitive basis,12/3/1954,7/24/1996,German,"Subject to a working trial according to the FCI Breeds Nomenclature",https://fci.be/en/nomenclature/GERMAN-SPANIEL-104.html
DO-KHYI,230,Molossian type,Mountain type,"Tibet (China)",Recognized on a definitive basis,8/22/1961,3/18/2015,English,"Not subject to a working trial according to the FCI breeds nomenclature",https://fci.be/en/nomenclature/TIBETAN-MASTIFF-230.html
DOBERMANN,143,Pinscher and Schnauzer type,Pinscher,"GERMANY",Recognized on a definitive basis,1/1/1955,11/13/2015,German,"Subject to a working trial according to the FCI Breeds Nomenclature",https://fci.be/en/nomenclature/DOBERMANN-143.html
DOGO ARGENTINO,292,Molossian type,Mastiff type,"ARGENTINA",Recognized on a definitive basis,7/31/1973,11/10/2011,Spanish,"Not subject to a working trial according to the FCI breeds nomenclature",https://fci.be/en/nomenclature/DOGO-ARGENTINO-292.html
DOGUE DE BORDEAUX,116,Molossian type,Mastiff type,"FRANCE",Recognized on a definitive basis,1/1/1954,11/4/2008,French,"Not subject to a working trial according to the FCI breeds nomenclature",https://fci.be/en/nomenclature/DOGUE-DE-BORDEAUX-116.html
DRENTSCHE PATRIJSHOND,224,Continental Pointing Dogs,Spaniel Type,"THE NETHERLANDS",Recognized on a definitive basis,3/4/1960,4/4/2016,English,"Subject to a working trial according to the FCI Breeds Nomenclature",https://fci.be/en/nomenclature/DRENTSCHE-PARTRIDGE-DOG-224.html
DREVER,130,Scent hounds,Small-sized Hounds,"SWEDEN",Recognized on a definitive basis,1/4/1955,7/27/2021,English,"Subject to a working trial according to the FCI Breeds Nomenclature",https://fci.be/en/nomenclature/DREVER-130.html
DRÓTZÖRÜ MAGYAR VIZSLA,239,Continental Pointing Dogs,«Braque»Type,"HUNGARY",Recognized on a definitive basis,3/27/1963,4/6/2000,English,"Subject to a working trial according to the FCI Breeds Nomenclature",https://fci.be/en/nomenclature/HUNGARIAN-WIRE-HAIRED-POINTER-239.html
DUNKER,203,Scent hounds,Medium-sized Hounds,"NORWAY",Recognized on a definitive basis,2/7/1956,4/4/2016,English,"Subject to a working trial according to the FCI Breeds Nomenclature",https://fci.be/en/nomenclature/NORWEGIAN-HOUND-203.html
EESTI HAGIJAS,366,Scent hounds,Medium-sized Hounds,"ESTONIA",Recognized on a provisional basis,,9/4/2019,English,"Subject to a working trial according to the FCI Breeds Nomenclature",https://fci.be/en/nomenclature/ESTONIAN-HOUND-366.html
ENGLISH COCKER SPANIEL,5,Flushing Dogs,,"GREAT BRITAIN",Recognized on a definitive basis,4/10/1963,10/8/2012,English,"Subject to a working trial according to the FCI Breeds Nomenclature",https://fci.be/en/nomenclature/ENGLISH-COCKER-SPANIEL-5.html
ENGLISH FOXHOUND,159,Scent hounds,Large-sized Hounds,"GREAT BRITAIN",Recognized on a definitive basis,4/25/1955,3/26/2009,English,"Subject to a working trial according to the FCI Breeds Nomenclature",https://fci.be/en/nomenclature/ENGLISH-FOXHOUND-159.html
ENGLISH POINTER,1,British and Irish Pointers and Setters,Pointer,"GREAT BRITAIN",Recognized on a definitive basis,3/5/1963,7/28/2009,English,"Subject to a working trial according to the FCI Breeds Nomenclature",https://fci.be/en/nomenclature/ENGLISH-POINTER-1.html
ENGLISH SETTER,2,British and Irish Pointers and Setters,Setter,"GREAT BRITAIN",Recognized on a definitive basis,3/6/1963,7/28/2009,English,"Subject to a working trial according to the FCI Breeds Nomenclature",https://fci.be/en/nomenclature/ENGLISH-SETTER-2.html
ENGLISH SPRINGER SPANIEL,125,Flushing Dogs,,"GREAT BRITAIN",Recognized on a definitive basis,12/29/1954,7/28/2009,English,"Subject to a working trial according to the FCI Breeds Nomenclature",https://fci.be/en/nomenclature/ENGLISH-SPRINGER-SPANIEL-125.html
ENGLISH TOY TERRIER,13,Toy Terriers,,"GREAT BRITAIN",Recognized on a definitive basis,9/17/1963,3/26/2009,English,"Not subject to a working trial according to the FCI breeds nomenclature",https://fci.be/en/nomenclature/ENGLISH-TOY-TERRIER-BLACK-TAN-13.html
ENTLEBUCHER SENNENHUND,47,Swiss Mountain- and Cattledogs,,"SWITZERLAND",Recognized on a definitive basis,7/28/1954,11/28/2001,German,"Not subject to a working trial according to the FCI breeds nomenclature",https://fci.be/en/nomenclature/ENTLEBUCH-CATTLE-DOG-47.html
EPAGNEUL BLEU DE PICARDIE,106,Continental Pointing Dogs,Spaniel Type,"FRANCE",Recognized on a definitive basis,12/6/1954,6/8/2023,French,"Subject to a working trial according to the FCI Breeds Nomenclature",https://fci.be/en/nomenclature/BLUE-PICARDY-SPANIEL-106.html
EPAGNEUL BRETON,95,Continental Pointing Dogs,Spaniel Type,"FRANCE",Recognized on a definitive basis,11/19/1954,3/25/2003,French,"Subject to a working trial according to the FCI Breeds Nomenclature",https://fci.be/en/nomenclature/BRITTANY-SPANIEL-95.html
EPAGNEUL DE PONT-AUDEMER,114,Continental Pointing Dogs,Spaniel Type,"FRANCE",Recognized on a definitive basis,12/15/1954,8/1/2023,French,"Subject to a working trial according to the FCI Breeds Nomenclature",https://fci.be/en/nomenclature/PONT-AUDEMER-SPANIEL-114.html
EPAGNEUL FRANÇAIS,175,Continental Pointing Dogs,Spaniel Type,"FRANCE",Recognized on a definitive basis,6/25/1955,11/4/2008,French,"Subject to a working trial according to the FCI Breeds Nomenclature",https://fci.be/en/nomenclature/FRENCH-SPANIEL-175.html
EPAGNEUL NAIN CONTINENTAL,77,Continental Toy Spaniel and others,,"BELGIUM, FRANCE",Recognized on a definitive basis,1/1/1954,9/17/1990,French,"Not subject to a working trial according to the FCI breeds nomenclature",https://fci.be/en/nomenclature/CONTINENTAL-TOY-SPANIEL-77.html
EPAGNEUL PICARD,108,Continental Pointing Dogs,Spaniel Type,"FRANCE",Recognized on a definitive basis,12/8/1954,6/8/2023,French,"Subject to a working trial according to the FCI Breeds Nomenclature",https://fci.be/en/nomenclature/PICARDY-SPANIEL-108.html
ERDÉLYI KOPÓ,241,Scent hounds,Medium-sized Hounds,"HUNGARY",Recognized on a definitive basis,3/30/1963,4/6/2000,French,"Subject to a working trial according to the FCI Breeds Nomenclature",https://fci.be/en/nomenclature/HUNGARIAN-HOUND-TRANSYLVANIAN-SCENT-HOUND-241.html
EURASIER,291,Asian Spitz and related breeds,,"GERMANY",Recognized on a definitive basis,7/27/1973,9/4/2019,German,"Not subject to a working trial according to the FCI breeds nomenclature",https://fci.be/en/nomenclature/EURASIAN-291.html
FIELD SPANIEL,123,Flushing Dogs,,"GREAT BRITAIN",Recognized on a definitive basis,12/27/1954,7/27/2021,English,"Subject to a working trial according to the FCI Breeds Nomenclature",https://fci.be/en/nomenclature/FIELD-SPANIEL-123.html
FILA BRASILEIRO,225,Molossian type,Mastiff type,"BRAZIL",Recognized on a definitive basis,1/1/1960,9/29/2016,English,"Not subject to a working trial according to the FCI breeds nomenclature",https://fci.be/en/nomenclature/FILA-BRASILEIRO-225.html
FLAT COATED RETRIEVER,121,Retrievers,,"GREAT BRITAIN",Recognized on a definitive basis,12/23/1954,7/28/2009,English,"Subject to a working trial according to the FCI Breeds Nomenclature",https://fci.be/en/nomenclature/FLAT-COATED-RETRIEVER-121.html
FOX TERRIER (SMOOTH),12,Large and medium sized Terriers,,"GREAT BRITAIN",Recognized on a definitive basis,6/26/1963,10/30/2016,English,"Subject to a working trial only for the countries having applied for it",https://fci.be/en/nomenclature/FOX-TERRIER-SMOOTH-12.html
FOX TERRIER (WIRE),169,Large and medium sized Terriers,,"GREAT BRITAIN",Recognized on a definitive basis,5/13/1955,3/26/2009,English,"Subject to a working trial only for the countries having applied for it",https://fci.be/en/nomenclature/FOX-TERRIER-WIRE-169.html
FRANÇAIS BLANC ET NOIR,220,Scent hounds,Large-sized Hounds,"FRANCE",Recognized on a definitive basis,12/15/1959,11/4/2008,French,"Subject to a working trial according to the FCI Breeds Nomenclature",https://fci.be/en/nomenclature/FRENCH-WHITE-BLACK-HOUND-220.html
FRANÇAIS BLANC ET ORANGE,316,Scent hounds,Large-sized Hounds,"FRANCE",Recognized on a definitive basis,2/1/1982,2/1/1982,French,"Subject to a working trial according to the FCI Breeds Nomenclature",https://fci.be/en/nomenclature/FRENCH-WHITE-AND-ORANGE-HOUND-316.html
FRANÇAIS TRICOLORE,219,Scent hounds,Large-sized Hounds,"FRANCE",Recognized on a definitive basis,12/15/1959,8/1/2023,French,"Subject to a working trial according to the FCI Breeds Nomenclature",https://fci.be/en/nomenclature/FRENCH-TRICOLOUR-HOUND-219.html
GALGO ESPAÑOL,285,Short-haired Sighthounds,,"SPAIN",Recognized on a definitive basis,8/10/1971,5/26/1982,Spanish,"Not subject to a working trial according to the FCI breeds nomenclature",https://fci.be/en/nomenclature/SPANISH-GREYHOUND-285.html
GAMMEL DANSK HØNSEHUND,281,Continental Pointing Dogs,«Braque»Type,"DENMARK",Recognized on a definitive basis,4/2/1969,1/8/1998,English,"Subject to a working trial according to the FCI Breeds Nomenclature",https://fci.be/en/nomenclature/OLD-DANISH-POINTING-DOG-281.html
GASCON SAINTONGEOIS,21,Scent hounds,Large-sized Hounds,"FRANCE",Recognized on a definitive basis,8/10/1963,8/1/2023,French,"Subject to a working trial according to the FCI Breeds Nomenclature",https://fci.be/en/nomenclature/GASCON-SAINTONGEOIS-21.html
GOLDEN RETRIEVER,111,Retrievers,,"GREAT BRITAIN",Recognized on a definitive basis,12/2/1954,7/28/2009,English,"Subject to a working trial according to the FCI Breeds Nomenclature",https://fci.be/en/nomenclature/GOLDEN-RETRIEVER-111.html
GONCZY POLSKI,354,Scent hounds,Medium-sized Hounds,"POLAND",Recognized on a definitive basis,11/7/2017,11/7/2017,English,"Subject to a working trial according to the FCI Breeds Nomenclature",https://fci.be/en/nomenclature/POLISH-HUNTING-DOG-354.html
GORDON SETTER,6,British and Irish Pointers and Setters,Setter,"GREAT BRITAIN",Recognized on a definitive basis,5/28/1963,4/4/2016,English,"Subject to a working trial according to the FCI Breeds Nomenclature",https://fci.be/en/nomenclature/GORDON-SETTER-6.html
GOS D'ATURA CATALÀ,87,Sheepdogs,,"SPAIN",Recognized on a definitive basis,11/30/1954,5/26/1982,Spanish,"Not subject to a working trial according to the FCI breeds nomenclature",https://fci.be/en/nomenclature/CATALAN-SHEEPDOG-87.html
GOS RATER VALENCIÀ,370,Large and medium sized Terriers,,"SPAIN",Recognized on a provisional basis,,6/21/2022,English,"Not subject to a working trial according to the FCI breeds nomenclature",https://fci.be/en/nomenclature/VALENCIAN-TERRIER-370.html
GRAND ANGLO-FRANÇAIS BLANC ET NOIR,323,Scent hounds,Large-sized Hounds,"FRANCE",Recognized on a definitive basis,1/27/1983,11/4/2008,French,"Subject to a working trial according to the FCI Breeds Nomenclature",https://fci.be/en/nomenclature/GREAT-ANGLO-FRENCH-WHITE-AND-BLACK-HOUND-323.html
GRAND ANGLO-FRANÇAIS BLANC ET ORANGE,324,Scent hounds,Large-sized Hounds,"FRANCE",Recognized on a definitive basis,1/27/1983,8/1/2023,French,"Subject to a working trial according to the FCI Breeds Nomenclature",https://fci.be/en/nomenclature/GREAT-ANGLO-FRENCH-WHITE-ORANGE-HOUND-324.html
GRAND ANGLO-FRANÇAIS TRICOLORE,322,Scent hounds,Large-sized Hounds,"FRANCE",Recognized on a definitive basis,1/27/1983,1/27/1983,French,"Subject to a working trial according to the FCI Breeds Nomenclature",https://fci.be/en/nomenclature/GREAT-ANGLO-FRENCH-TRICOLOUR-HOUND-322.html
GRAND BASSET GRIFFON VENDEEN,33,Scent hounds,Small-sized Hounds,"FRANCE",Recognized on a definitive basis,1/17/1967,1/9/1999,French,"Subject to a working trial according to the FCI Breeds Nomenclature",https://fci.be/en/nomenclature/GRAND-BASSET-GRIFFON-VENDEEN-33.html
GRAND BLEU DE GASCOGNE,22,Scent hounds,Large-sized Hounds,"FRANCE",Recognized on a definitive basis,8/10/1963,1/24/1996,French,"Subject to a working trial according to the FCI Breeds Nomenclature",https://fci.be/en/nomenclature/GREAT-GASCONY-BLUE-22.html
GRAND GRIFFON VENDEEN,282,Scent hounds,Large-sized Hounds,"FRANCE",Recognized on a definitive basis,4/8/1969,1/9/1999,French,"Subject to a working trial according to the FCI Breeds Nomenclature",https://fci.be/en/nomenclature/GRAND-GRIFFON-VENDEEN-282.html
GREYHOUND,158,Short-haired Sighthounds,,"GREAT BRITAIN",Recognized on a definitive basis,4/23/1955,10/13/2010,English,"Not subject to a working trial according to the FCI breeds nomenclature",https://fci.be/en/nomenclature/GREYHOUND-158.html
GRIFFON A POIL DUR KORTHALS,107,Continental Pointing Dogs,«Griffon» type,"FRANCE",Recognized on a definitive basis,12/7/1954,8/1/2023,French,"Subject to a working trial according to the FCI Breeds Nomenclature",https://fci.be/en/nomenclature/WIRE-HAIRED-POINTING-GRIFFON-KORTHALS-107.html
GRIFFON BELGE,81,Small Belgian Dogs,Griffons,"BELGIUM",Recognized on a definitive basis,10/26/1954,3/25/2003,French,"Not subject to a working trial according to the FCI breeds nomenclature",https://fci.be/en/nomenclature/GRIFFON-BELGE-81.html
GRIFFON BLEU DE GASCOGNE,32,Scent hounds,Medium-sized Hounds,"FRANCE",Recognized on a definitive basis,9/30/1963,1/24/1996,French,"Subject to a working trial according to the FCI Breeds Nomenclature",https://fci.be/en/nomenclature/BLUE-GASCONY-GRIFFON-32.html
GRIFFON BRUXELLOIS,80,Small Belgian Dogs,Griffons,"BELGIUM",Recognized on a definitive basis,10/26/1954,3/25/2003,French,"Not subject to a working trial according to the FCI breeds nomenclature",https://fci.be/en/nomenclature/GRIFFON-BRUXELLOIS-80.html
GRIFFON FAUVE DE BRETAGNE,66,Scent hounds,Medium-sized Hounds,"FRANCE",Recognized on a definitive basis,10/5/1954,3/25/2003,French,"Subject to a working trial according to the FCI Breeds Nomenclature",https://fci.be/en/nomenclature/FAWN-BRITTANY-GRIFFON-66.html
GRIFFON NIVERNAIS,17,Scent hounds,Medium-sized Hounds,"FRANCE",Recognized on a definitive basis,12/15/1959,3/24/2004,French,"Subject to a working trial according to the FCI Breeds Nomenclature",https://fci.be/en/nomenclature/GRIFFON-NIVERNAIS-17.html
GROSSER MÜNSTERLÄNDER VORSTEHHUND,118,Continental Pointing Dogs,Spaniel Type,"GERMANY",Recognized on a definitive basis,12/20/1954,10/29/2013,German,"Subject to a working trial according to the FCI Breeds Nomenclature",https://fci.be/en/nomenclature/LARGE-MUNSTERLANDER-118.html
GROSSER SCHWEIZER SENNENHUND,58,Swiss Mountain- and Cattledogs,,"SWITZERLAND",Recognized on a definitive basis,8/13/1954,3/25/2003,German,"Not subject to a working trial according to the FCI breeds nomenclature",https://fci.be/en/nomenclature/GREAT-SWISS-MOUNTAIN-DOG-58.html
GRØNLANDSHUND,274,Nordic Sledge Dogs,,"GREENLAND",Recognized on a definitive basis,5/5/1967,3/30/2022,English,"Subject to a working trial according to the FCI Breeds Nomenclature",https://fci.be/en/nomenclature/GREENLAND-DOG-274.html
HALDENSTØVER,267,Scent hounds,Medium-sized Hounds,"NORWAY",Recognized on a definitive basis,10/7/1965,8/9/1999,English,"Subject to a working trial according to the FCI Breeds Nomenclature",https://fci.be/en/nomenclature/HALDEN-HOUND-267.html
HAMILTONSTÖVARE,132,Scent hounds,Medium-sized Hounds,"SWEDEN",Recognized on a definitive basis,1/6/1955,8/22/2017,English,"Subject to a working trial according to the FCI Breeds Nomenclature",https://fci.be/en/nomenclature/HAMILTONSTOVARE-132.html
HANNOVERSCHER SCHWEISSHUND,213,Leash (scent) Hounds,,"GERMANY",Recognized on a definitive basis,10/6/1959,3/19/2015,German,"Subject to a working trial according to the FCI Breeds Nomenclature",https://fci.be/en/nomenclature/HANOVERIAN-SCENT-HOUND-213.html
HARRIER,295,Scent hounds,Medium-sized Hounds,"GREAT BRITAIN",Recognized on a definitive basis,11/27/1974,11/27/1974,English,"Subject to a working trial according to the FCI Breeds Nomenclature",https://fci.be/en/nomenclature/HARRIER-295.html
HELLINIKOS ICHNILATIS,214,Scent hounds,Medium-sized Hounds,"GREECE",Recognized on a definitive basis,10/16/1959,10/16/1959,French,"Subject to a working trial according to the FCI Breeds Nomenclature",https://fci.be/en/nomenclature/HELLENIC-HOUND-214.html
HOKKAIDO,261,Asian Spitz and related breeds,,"JAPAN",Recognized on a definitive basis,4/22/1964,10/30/2016,English,"Not subject to a working trial according to the FCI breeds nomenclature",https://fci.be/en/nomenclature/HOKKAIDO-261.html
HOLLANDSE HERDERSHOND,223,Sheepdogs,,"THE NETHERLANDS",Recognized on a definitive basis,5/11/1955,12/21/2019,English,"Subject to a working trial according to the FCI Breeds Nomenclature",https://fci.be/en/nomenclature/DUTCH-SHEPHERD-DOG-223.html
HOLLANDSE SMOUSHOND,308,Pinscher and Schnauzer type,Smoushond,"THE NETHERLANDS",Recognized on a definitive basis,3/11/1981,6/2/2010,English,"Not subject to a working trial according to the FCI breeds nomenclature",https://fci.be/en/nomenclature/DUTCH-SMOUSHOND-308.html
HOVAWART,190,Molossian type,Mountain type,"GERMANY",Recognized on a definitive basis,11/21/1955,3/21/2025,German,"Subject to a working trial according to the FCI Breeds Nomenclature",https://fci.be/en/nomenclature/HOVAWART-190.html
HRVATSKI OVCAR,277,Sheepdogs,,"CROATIA",Recognized on a definitive basis,8/30/1967,11/3/2014,German,"Not subject to a working trial according to the FCI breeds nomenclature",https://fci.be/en/nomenclature/CROATIAN-SHEPHERD-DOG-277.html
HYGENHUND,266,Scent hounds,Medium-sized Hounds,"NORWAY",Recognized on a definitive basis,10/6/1965,8/9/1999,English,"Subject to a working trial according to the FCI Breeds Nomenclature",https://fci.be/en/nomenclature/HYGEN-HOUND-266.html
IRISH GLEN OF IMAAL TERRIER,302,Large and medium sized Terriers,,"IRELAND",Recognized on a definitive basis,9/17/1975,9/3/2024,English,"Not subject to a working trial according to the FCI breeds nomenclature",https://fci.be/en/nomenclature/IRISH-GLEN-OF-IMAAL-TERRIER-302.html
IRISH RED AND WHITE SETTER,330,British and Irish Pointers and Setters,Setter,"IRELAND",Recognized on a definitive basis,6/6/1989,4/19/2005,English,"Subject to a working trial according to the FCI Breeds Nomenclature",https://fci.be/en/nomenclature/IRISH-RED-AND-WHITE-SETTER-330.html
IRISH RED SETTER,120,British and Irish Pointers and Setters,Setter,"IRELAND",Recognized on a definitive basis,12/22/1954,3/13/2001,English,"Subject to a working trial according to the FCI Breeds Nomenclature",https://fci.be/en/nomenclature/IRISH-RED-SETTER-120.html
IRISH SOFT COATED WHEATEN TERRIER,40,Large and medium sized Terriers,,"IRELAND",Recognized on a definitive basis,2/26/1957,1/27/2001,English,"Not subject to a working trial according to the FCI breeds nomenclature",https://fci.be/en/nomenclature/IRISH-SOFT-COATED-WHEATEN-TERRIER-40.html
IRISH TERRIER,139,Large and medium sized Terriers,,"IRELAND",Recognized on a definitive basis,1/28/1955,3/13/2001,English,"Not subject to a working trial according to the FCI breeds nomenclature",https://fci.be/en/nomenclature/IRISH-TERRIER-139.html
IRISH WATER SPANIEL,124,Water Dogs,,"IRELAND",Recognized on a definitive basis,12/28/1954,3/13/2001,English,"Subject to a working trial according to the FCI Breeds Nomenclature",https://fci.be/en/nomenclature/IRISH-WATER-SPANIEL-124.html
IRISH WOLFHOUND,160,Rough-haired Sighthounds,,"IRELAND",Recognized on a definitive basis,4/26/1955,3/13/2001,English,"Not subject to a working trial according to the FCI breeds nomenclature",https://fci.be/en/nomenclature/IRISH-WOLFHOUND-160.html
ISTARSKI KRATKODLAKI GONIC,151,Scent hounds,Medium-sized Hounds,"CROATIA",Recognized on a definitive basis,4/2/1955,11/3/2014,German,"Subject to a working trial according to the FCI Breeds Nomenclature",https://fci.be/en/nomenclature/ISTRIAN-SHORT-HAIRED-HOUND-151.html
ISTARSKI OSTRODLAKI GONIC,152,Scent hounds,Medium-sized Hounds,"CROATIA",Recognized on a definitive basis,4/6/1955,11/3/2014,German,"Subject to a working trial according to the FCI Breeds Nomenclature",https://fci.be/en/nomenclature/ISTRIAN-WIRE-HAIRED-HOUND-152.html
JACK RUSSELL TERRIER,345,Small sized Terriers,,"GREAT BRITAIN",Recognized on a definitive basis,1/1/2003,10/8/2012,English,"Subject to a working trial only for the countries having applied for it",https://fci.be/en/nomenclature/JACK-RUSSELL-TERRIER-345.html
JUGOSLOVENSKI OVCARSKI PAS-SARPLANINAC,41,Molossian type,Mountain type,"NORTH MACEDONIA, SERBIA",Recognized on a definitive basis,7/24/1957,11/24/1970,French,"Not subject to a working trial according to the FCI breeds nomenclature",https://fci.be/en/nomenclature/YUGOSLAVIAN-SHEPHERD-DOG-SHARPLANINA-41.html
JÄMTHUND,42,Nordic Hunting Dogs,,"SWEDEN",Recognized on a definitive basis,1/3/1954,9/4/2019,English,"Subject to a working trial only for the Nordic countries (Finland, Norway, Sweden)",https://fci.be/en/nomenclature/JAMTHUND-42.html
KAI,317,Asian Spitz and related breeds,,"JAPAN",Recognized on a definitive basis,2/1/1982,10/30/2016,English,"Not subject to a working trial according to the FCI breeds nomenclature",https://fci.be/en/nomenclature/KAI-317.html
KANGAL ÇOBAN KÖPEGI,331,Molossian type,Mountain type,"TURKEY",Recognized on a definitive basis,6/6/1989,6/15/2018,English,"Not subject to a working trial according to the FCI breeds nomenclature",https://fci.be/en/nomenclature/KANGAL-SHEPHERD-DOG-331.html
KARJALANKARHUKOIRA,48,Nordic Hunting Dogs,,"FINLAND",Recognized on a definitive basis,8/2/1954,11/3/2014,English,"Subject to a working trial only for the Nordic countries (Finland, Norway, Sweden)",https://fci.be/en/nomenclature/KARELIAN-BEAR-DOG-48.html
KAVKAZSKAÏA OVTCHARKA,328,Molossian type,Mountain type,"RUSSIAN FEDERATION",Recognized on a definitive basis,8/23/1984,10/13/2010,English,"Not subject to a working trial according to the FCI breeds nomenclature",https://fci.be/en/nomenclature/CAUCASIAN-SHEPHERD-DOG-328.html
KAZAKH TAZY,372,Long-haired or fringed Sighthounds,,"KAZAKHSTAN",Recognized on a provisional basis,,9/3/2024,English,"Not subject to a working trial according to the FCI breeds nomenclature",https://fci.be/en/nomenclature/KAZAKH-TAZY-372.html
KERRY BLUE TERRIER,3,Large and medium sized Terriers,,"IRELAND",Recognized on a definitive basis,4/2/1963,4/19/2005,English,"Not subject to a working trial according to the FCI breeds nomenclature",https://fci.be/en/nomenclature/KERRY-BLUE-TERRIER-3.html
KING CHARLES SPANIEL,128,English Toy Spaniels,,"GREAT BRITAIN",Recognized on a definitive basis,1/3/1955,7/27/2021,English,"Not subject to a working trial according to the FCI breeds nomenclature",https://fci.be/en/nomenclature/KING-CHARLES-SPANIEL-128.html
KISHU,318,Asian Spitz and related breeds,,"JAPAN",Recognized on a definitive basis,2/1/1982,10/30/2016,English,"Not subject to a working trial according to the FCI breeds nomenclature",https://fci.be/en/nomenclature/KISHU-318.html
KLEINER MÜNSTERLÄNDER,102,Continental Pointing Dogs,Spaniel Type,"GERMANY",Recognized on a definitive basis,2/14/1955,9/4/2019,German,"Subject to a working trial according to the FCI Breeds Nomenclature",https://fci.be/en/nomenclature/KLEINER-MUNSTERLANDER-102.html
KOMONDOR,53,Sheepdogs,,"HUNGARY",Recognized on a definitive basis,8/9/1954,4/6/2010,German,"Not subject to a working trial according to the FCI breeds nomenclature",https://fci.be/en/nomenclature/KOMONDOR-53.html
KOREA JINDO DOG,334,Asian Spitz and related breeds,,"KOREA (REPUBLIC OF)",Recognized on a definitive basis,7/6/2005,11/9/2004,English,"Not subject to a working trial according to the FCI breeds nomenclature",https://fci.be/en/nomenclature/KOREA-JINDO-DOG-334.html
KRASKI OVCAR,278,Molossian type,Mountain type,"SLOVENIA",Recognized on a definitive basis,2/4/1969,6/26/2000,English,"Not subject to a working trial according to the FCI breeds nomenclature",https://fci.be/en/nomenclature/KARST-SHEPHERD-DOG-278.html
KROMFOHRLÄNDER,192,Kromfohrländer,,"GERMANY",Recognized on a definitive basis,11/28/1955,10/12/1998,German,"Not subject to a working trial according to the FCI breeds nomenclature",https://fci.be/en/nomenclature/KROMFOHRLANDER-192.html
KUVASZ,54,Sheepdogs,,"HUNGARY",Recognized on a definitive basis,8/10/1954,4/6/2000,German,"Not subject to a working trial according to the FCI breeds nomenclature",https://fci.be/en/nomenclature/KUVASZ-54.html
LABRADOR RETRIEVER,122,Retrievers,,"GREAT BRITAIN",Recognized on a definitive basis,12/24/1954,6/16/2022,English,"Subject to a working trial according to the FCI Breeds Nomenclature",https://fci.be/en/nomenclature/LABRADOR-RETRIEVER-122.html
LAGOTTO ROMAGNOLO,298,Water Dogs,,"ITALY",Recognized on a definitive basis,7/6/2005,9/30/2019,English,"Subject to a working trial only for the countries having applied for it",https://fci.be/en/nomenclature/ROMAGNA-WATER-DOG-298.html
LAKELAND TERRIER,70,Large and medium sized Terriers,,"GREAT BRITAIN",Recognized on a definitive basis,10/14/1954,3/26/2009,English,"Subject to a working trial for some countries",https://fci.be/en/nomenclature/LAKELAND-TERRIER-70.html
LANCASHIRE HEELER,360,Sheepdogs,,"ENGLAND",Recognized on a provisional basis,,4/4/2016,English,"Not subject to a working trial according to the FCI breeds nomenclature",https://fci.be/en/nomenclature/LANCASHIRE-HEELER-360.html
LANDSEER (EUROPÄISCH-KONTINENTALER TYP),226,Molossian type,Mountain type,"GERMANY, SWITZERLAND",Recognized on a definitive basis,8/24/1960,8/24/1960,German,"Not subject to a working trial according to the FCI breeds nomenclature",https://fci.be/en/nomenclature/LANDSEER-EUROPEAN-CONTINENTAL-TYPE-226.html
LAPINPOROKOIRA,284,Nordic Watchdogs and Herders,,"FINLAND",Recognized on a definitive basis,11/13/1970,3/12/1999,English,"Not subject to a working trial according to the FCI breeds nomenclature",https://fci.be/en/nomenclature/LAPPONIAN-HERDER-284.html
LEONBERGER,145,Molossian type,Mountain type,"GERMANY",Recognized on a definitive basis,2/17/1955,1/4/1996,German,"Not subject to a working trial according to the FCI breeds nomenclature",https://fci.be/en/nomenclature/LEONBERGER-145.html
LHASA APSO,227,Tibetan breeds,,"Tibet (China)",Recognized on a definitive basis,11/19/1960,3/18/2015,English,"Not subject to a working trial according to the FCI breeds nomenclature",https://fci.be/en/nomenclature/LHASA-APSO-227.html
MAGYAR AGAR,240,Short-haired Sighthounds,,"HUNGARY",Recognized on a definitive basis,3/29/1963,4/6/2000,German,"Not subject to a working trial according to the FCI breeds nomenclature",https://fci.be/en/nomenclature/HUNGARIAN-GREYHOUND-240.html
MALTESE,65,Bichons and related breeds,Bichons,"CENTRAL MEDITERRANEAN BASIN",Recognized on a definitive basis,4/13/1955,11/13/2015,English,"Not subject to a working trial according to the FCI breeds nomenclature",https://fci.be/en/nomenclature/MALTESE-65.html
MANCHESTER TERRIER,71,Large and medium sized Terriers,,"GREAT BRITAIN",Recognized on a definitive basis,10/15/1954,10/13/2010,English,"Not subject to a working trial according to the FCI breeds nomenclature",https://fci.be/en/nomenclature/MANCHESTER-TERRIER-71.html
MASTIFF,264,Molossian type,Mastiff type,"GREAT BRITAIN",Recognized on a definitive basis,11/5/1964,10/13/2010,English,"Not subject to a working trial according to the FCI breeds nomenclature",https://fci.be/en/nomenclature/MASTIFF-264.html
MASTINO NAPOLETANO,197,Molossian type,Mastiff type,"ITALY",Recognized on a definitive basis,3/8/1956,11/13/2015,French,"Not subject to a working trial according to the FCI breeds nomenclature",https://fci.be/en/nomenclature/NEAPOLITAN-MASTIFF-197.html
MASTÍN DEL PIRINEO,92,Molossian type,Mountain type,"SPAIN",Recognized on a definitive basis,11/15/1954,5/26/1982,Spanish,"Not subject to a working trial according to the FCI breeds nomenclature",https://fci.be/en/nomenclature/PYRENEAN-MASTIFF-92.html
MASTÍN ESPAÑOL,91,Molossian type,Mountain type,"SPAIN",Recognized on a definitive basis,11/13/1954,5/26/1982,Spanish,"Not subject to a working trial according to the FCI breeds nomenclature",https://fci.be/en/nomenclature/SPANISH-MASTIFF-91.html
MINIATURE AMERICAN SHEPHERD,367,Sheepdogs,,"UNITED STATES OF AMERICA",Recognized on a provisional basis,,9/4/2019,English,"Not subject to a working trial according to the FCI breeds nomenclature",https://fci.be/en/nomenclature/MINIATURE-AMERICAN-SHEPHERD-367.html
MINIATURE BULL TERRIER,359,Bull type Terriers,,"GREAT BRITAIN",Recognized on a definitive basis,7/5/2011,7/5/2011,English,"Not subject to a working trial according to the FCI breeds nomenclature",https://fci.be/en/nomenclature/MINIATURE-BULL-TERRIER-359.html
MUDI,238,Sheepdogs,,"HUNGARY",Recognized on a definitive basis,3/25/1963,9/25/2023,German,"Not subject to a working trial according to the FCI breeds nomenclature",https://fci.be/en/nomenclature/MUDI-238.html
NEDERLANDSE KOOIKERHONDJE,314,Flushing Dogs,,"THE NETHERLANDS",Recognized on a definitive basis,1/31/1990,10/13/2010,English,"Not subject to a working trial according to the FCI breeds nomenclature",https://fci.be/en/nomenclature/NEDERLANDSE-KOOIKERHONDJE-314.html
NEDERLANDSE SCHAPENDOES,313,Sheepdogs,,"THE NETHERLANDS",Recognized on a definitive basis,5/17/1991,3/26/1992,English,"Not subject to a working trial according to the FCI breeds nomenclature",https://fci.be/en/nomenclature/DUTCH-SCHAPENDOES-313.html
NEWFOUNDLAND,50,Molossian type,Mountain type,"CANADA",Recognized on a definitive basis,8/4/1954,10/29/1996,English,"Not subject to a working trial according to the FCI breeds nomenclature",https://fci.be/en/nomenclature/NEWFOUNDLAND-50.html
NIHON SUPITTSU,262,Asian Spitz and related breeds,,"JAPAN",Recognized on a definitive basis,4/22/1964,1/1/1987,English,"Not subject to a working trial according to the FCI breeds nomenclature",https://fci.be/en/nomenclature/JAPANESE-SPITZ-262.html
NIHON TERIA,259,Small sized Terriers,,"JAPAN",Recognized on a definitive basis,4/1/1964,4/4/2016,English,"Not subject to a working trial according to the FCI breeds nomenclature",https://fci.be/en/nomenclature/JAPANESE-TERRIER-259.html
NORFOLK TERRIER,272,Small sized Terriers,,"GREAT BRITAIN",Recognized on a definitive basis,10/1/1966,10/13/2010,English,"Not subject to a working trial according to the FCI breeds nomenclature",https://fci.be/en/nomenclature/NORFOLK-TERRIER-272.html
NORRBOTTENSPETS,276,Nordic Hunting Dogs,,"SWEDEN",Recognized on a definitive basis,9/20/1968,7/28/2009,English,"Subject to a working trial according to the FCI Breeds Nomenclature",https://fci.be/en/nomenclature/NORRBOTTENSPITZ-276.html
NORSK BUHUND,237,Nordic Watchdogs and Herders,,"NORWAY",Recognized on a definitive basis,2/25/1963,8/9/1999,English,"Not subject to a working trial according to the FCI breeds nomenclature",https://fci.be/en/nomenclature/NORWEGIAN-BUHUND-237.html
NORSK ELGHUND GRÅ,242,Nordic Hunting Dogs,,"NORWAY",Recognized on a definitive basis,4/3/1963,8/9/1999,English,"Subject to a working trial only for the Nordic countries (Finland, Norway, Sweden)",https://fci.be/en/nomenclature/NORWEGIAN-ELKHOUND-GREY-242.html
NORSK ELGHUND SORT,268,Nordic Hunting Dogs,,"NORWAY",Recognized on a definitive basis,10/7/1965,8/9/1999,English,"Subject to a working trial only for the Nordic countries (Finland, Norway, Sweden)",https://fci.be/en/nomenclature/NORWEGIAN-ELKHOUND-BLACK-268.html
NORSK LUNDEHUND,265,Nordic Hunting Dogs,,"NORWAY",Recognized on a definitive basis,10/6/1965,11/10/2011,English,"Not subject to a working trial according to the FCI breeds nomenclature",https://fci.be/en/nomenclature/NORWEGIAN-LUNDEHUND-265.html
NORWICH TERRIER,72,Small sized Terriers,,"GREAT BRITAIN",Recognized on a definitive basis,10/16/1954,10/13/2010,English,"Not subject to a working trial according to the FCI breeds nomenclature",https://fci.be/en/nomenclature/NORWICH-TERRIER-72.html
NOVA SCOTIA DUCK TOLLING RETRIEVER,312,Retrievers,,"CANADA",Recognized on a definitive basis,11/30/1981,6/24/1987,English,"Subject to a working trial according to the FCI Breeds Nomenclature",https://fci.be/en/nomenclature/NOVA-SCOTIA-DUCK-TOLLING-RETRIEVER-312.html
OGAR POLSKI,52,Scent hounds,Large-sized Hounds,"POLAND",Recognized on a definitive basis,1/29/1965,11/3/2014,English,"Subject to a working trial according to the FCI Breeds Nomenclature",https://fci.be/en/nomenclature/POLISH-HOUND-52.html
OLD ENGLISH SHEEPDOG,16,Sheepdogs,,"GREAT BRITAIN",Recognized on a definitive basis,11/25/1963,10/13/2010,English,"Not subject to a working trial according to the FCI breeds nomenclature",https://fci.be/en/nomenclature/OLD-ENGLISH-SHEEPDOG-16.html
OTTERHOUND,294,Scent hounds,Large-sized Hounds,"GREAT BRITAIN",Recognized on a definitive basis,9/12/1974,10/13/2010,English,"Not subject to a working trial according to the FCI breeds nomenclature",https://fci.be/en/nomenclature/OTTERHOUND-294.html
PARSON RUSSELL TERRIER,339,Large and medium sized Terriers,,"GREAT BRITAIN",Recognized on a definitive basis,6/4/2001,8/22/2017,English,"Subject to a working trial only for the countries having applied for it",https://fci.be/en/nomenclature/PARSON-RUSSELL-TERRIER-339.html
PEKINGESE,207,Japan Chin and Pekingese,,"CHINA",Recognized on a definitive basis,11/3/1966,3/26/2009,English,"Not subject to a working trial according to the FCI breeds nomenclature",https://fci.be/en/nomenclature/PEKINGESE-207.html
PERDIGUEIRO PORTUGUÊS,187,Continental Pointing Dogs,«Braque»Type,"PORTUGAL",Recognized on a definitive basis,7/13/1955,11/4/2008,English,"Subject to a working trial according to the FCI Breeds Nomenclature",https://fci.be/en/nomenclature/PORTUGUESE-POINTING-DOG-187.html
PERDIGUERO DE BURGOS,90,Continental Pointing Dogs,«Braque»Type,"SPAIN",Recognized on a definitive basis,11/12/1954,5/26/1982,Spanish,"Subject to a working trial according to the FCI Breeds Nomenclature",https://fci.be/en/nomenclature/BURGOS-POINTING-DOG-90.html
PERRO DE AGUA ESPAÑOL,336,Water Dogs,,"SPAIN",Recognized on a definitive basis,5/30/1999,10/1/2019,Spanish,"Subject to a working trial only for the countries having applied for it",https://fci.be/en/nomenclature/SPANISH-WATER-DOG-336.html
PERRO DOGO MALLORQUÍN,249,Molossian type,Mastiff type,"SPAIN",Recognized on a definitive basis,9/21/1963,12/11/1996,Spanish,"Not subject to a working trial according to the FCI breeds nomenclature",https://fci.be/en/nomenclature/MAJORCA-MASTIFF-249.html
PERRO SIN PELO DEL PERÚ,310,Primitive type,,"PERU",Recognized on a definitive basis,6/30/1981,9/15/2021,Spanish,"Not subject to a working trial according to the FCI breeds nomenclature",https://fci.be/en/nomenclature/PERUVIAN-HAIRLESS-DOG-310.html
PETIT BASSET GRIFFON VENDEEN,67,Scent hounds,Small-sized Hounds,"FRANCE",Recognized on a definitive basis,5/4/1976,1/9/1999,French,"Subject to a working trial according to the FCI Breeds Nomenclature",https://fci.be/en/nomenclature/PETIT-BASSET-GRIFFON-VENDEEN-67.html
PETIT BLEU DE GASCOGNE,31,Scent hounds,Medium-sized Hounds,"FRANCE",Recognized on a definitive basis,10/23/1963,8/1/2023,French,"Subject to a working trial according to the FCI Breeds Nomenclature",https://fci.be/en/nomenclature/SMALL-BLUE-GASCONY-31.html
PETIT BRABANÇON,82,Small Belgian Dogs,Petit Brabançon,"BELGIUM",Recognized on a definitive basis,10/26/1954,3/25/2003,French,"Not subject to a working trial according to the FCI breeds nomenclature",https://fci.be/en/nomenclature/PETIT-BRABANCON-82.html
PETIT CHIEN LION,233,Bichons and related breeds,Petit chien lion,"FRANCE",Recognized on a definitive basis,10/30/1961,3/24/2004,French,"Not subject to a working trial according to the FCI breeds nomenclature",https://fci.be/en/nomenclature/LITTLE-LION-DOG-233.html
PHARAOH HOUND,248,Primitive type,,"MALTA",Recognized on a definitive basis,8/9/1963,6/24/1987,English,"Not subject to a working trial according to the FCI breeds nomenclature",https://fci.be/en/nomenclature/PHARAOH-HOUND-248.html
PICCOLO LEVRIERO ITALIANO,200,Short-haired Sighthounds,,"ITALY",Recognized on a definitive basis,10/22/1956,11/13/2015,English,"Not subject to a working trial according to the FCI breeds nomenclature",https://fci.be/en/nomenclature/ITALIAN-SIGHTHOUND-200.html
PODENCO CANARIO,329,Primitive type - Hunting Dogs,,"SPAIN",Recognized on a definitive basis,6/24/1987,6/24/1987,Spanish,"Not subject to a working trial according to the FCI breeds nomenclature",https://fci.be/en/nomenclature/CANARIAN-WARREN-HOUND-329.html
PODENCO IBICENCO,89,Primitive type - Hunting Dogs,,"SPAIN",Recognized on a definitive basis,11/10/1954,5/26/1982,Spanish,"Not subject to a working trial according to the FCI breeds nomenclature",https://fci.be/en/nomenclature/IBIZAN-PODENCO-89.html
PODENGO PORTUGUÊS,94,Primitive type - Hunting Dogs,,"PORTUGAL",Recognized on a definitive basis,11/18/1954,11/4/2008,English,"Not subject to a working trial according to the FCI breeds nomenclature",https://fci.be/en/nomenclature/PORTUGUESE-WARREN-HOUND-PORTUGUESE-PODENGO-94.html
POITEVIN,24,Scent hounds,Large-sized Hounds,"FRANCE",Recognized on a definitive basis,9/30/1963,11/17/1978,French,"Subject to a working trial according to the FCI Breeds Nomenclature",https://fci.be/en/nomenclature/POITEVIN-24.html
POLSKI OWCZAREK NIZINNY,251,Sheepdogs,,"POLAND",Recognized on a definitive basis,10/5/1963,8/7/1998,French,"Not subject to a working trial according to the FCI breeds nomenclature",https://fci.be/en/nomenclature/POLISH-LOWLAND-SHEEPDOG-251.html
POLSKI OWCZAREK PODHALANSKI,252,Sheepdogs,,"POLAND",Recognized on a definitive basis,10/5/1963,2/6/2025,English,"Not subject to a working trial according to the FCI breeds nomenclature",https://fci.be/en/nomenclature/POLISH-TATRA-SHEPHERD-252.html
PORCELAINE,30,Scent hounds,Medium-sized Hounds,"FRANCE",Recognized on a definitive basis,10/26/1964,10/19/1964,French,"Subject to a working trial according to the FCI Breeds Nomenclature",https://fci.be/en/nomenclature/PORCELAINE-30.html
POSAVSKI GONIC,154,Scent hounds,Medium-sized Hounds,"CROATIA",Recognized on a definitive basis,4/8/1955,11/3/2014,French,"Subject to a working trial according to the FCI Breeds Nomenclature",https://fci.be/en/nomenclature/POSAVATZ-HOUND-154.html
PRAZSKY KRYSARIK,363,Continental Toy Spaniel and others,,"CZECH REPUBLIC",Recognized on a provisional basis,,2/20/2019,English,"Not subject to a working trial according to the FCI breeds nomenclature",https://fci.be/en/nomenclature/PRAGUE-RATTER-363.html
PRESA CANARIO,346,Molossian type,Mastiff type,"SPAIN",Recognized on a definitive basis,7/4/2011,9/23/2023,Spanish,"Not subject to a working trial according to the FCI breeds nomenclature",https://fci.be/en/nomenclature/PRESA-CANARIO-346.html
PUDELPOINTER,216,Continental Pointing Dogs,«Braque»Type,"GERMANY",Recognized on a definitive basis,11/13/1959,11/9/2004,German,"Subject to a working trial according to the FCI Breeds Nomenclature",https://fci.be/en/nomenclature/PUDELPOINTER-216.html
PUG,253,Small Molossian type Dogs,,"CHINA",Recognized on a definitive basis,11/4/1966,8/10/2023,English,"Not subject to a working trial according to the FCI breeds nomenclature",https://fci.be/en/nomenclature/PUG-253.html
PULI,55,Sheepdogs,,"HUNGARY",Recognized on a definitive basis,8/11/1954,10/29/2013,German,"Not subject to a working trial according to the FCI breeds nomenclature",https://fci.be/en/nomenclature/PULI-55.html
PUMI,56,Sheepdogs,,"HUNGARY",Recognized on a definitive basis,8/11/1954,6/4/2000,German,"Not subject to a working trial according to the FCI breeds nomenclature",https://fci.be/en/nomenclature/PUMI-56.html
RAFEIRO DO ALENTEJO,96,Molossian type,Mountain type,"PORTUGAL",Recognized on a definitive basis,11/24/1954,11/4/2008,English,"Not subject to a working trial according to the FCI breeds nomenclature",https://fci.be/en/nomenclature/RAFEIRO-OF-ALENTEJO-96.html
RASTREADOR BRASILEIRO,275,Scent hounds,Large-sized Hounds,"BRAZIL",Recognized on a definitive basis,9/1/1967,9/4/2019,English,"Not subject to a working trial according to the FCI breeds nomenclature",https://fci.be/en/nomenclature/BRAZILIAN-TRACKER-275.html
RATONERO BODEGUERO ANDALUZ,371,Large and medium sized Terriers,,"SPAIN",Recognized on a provisional basis,,9/3/2024,Spanish,"Subject to a working trial only for the countries having applied for it",https://fci.be/en/nomenclature/ANDALUSIAN-TERRIER-SHERRY-TERRIER-371.html
RHODESIAN RIDGEBACK,146,Related breeds,,"SOUTH AFRICA",Recognized on a definitive basis,2/21/1955,5/15/2025,English,"Not subject to a working trial according to the FCI breeds nomenclature",https://fci.be/en/nomenclature/RHODESIAN-RIDGEBACK-146.html
RIESENSCHNAUZER,181,Pinscher and Schnauzer type,Schnauzer,"GERMANY",Recognized on a definitive basis,7/11/1955,5/25/2021,German,"Subject to a working trial according to the FCI Breeds Nomenclature",https://fci.be/en/nomenclature/GIANT-SCHNAUZER-181.html
ROTTWEILER,147,Molossian type,Mastiff type,"GERMANY",Recognized on a definitive basis,1/1/1955,6/15/2018,German,"Subject to a working trial according to the FCI Breeds Nomenclature",https://fci.be/en/nomenclature/ROTTWEILER-147.html
RUSSKAYA PSOVAYA BORZAYA,193,Long-haired or fringed Sighthounds,,"RUSSIAN FEDERATION",Recognized on a definitive basis,1/13/1956,9/4/2019,English,"Not subject to a working trial according to the FCI breeds nomenclature",https://fci.be/en/nomenclature/BORZOI-RUSSIAN-HUNTING-SIGHTHOUND-193.html
RUSSKIY TCHIORNY TERRIER,327,Pinscher and Schnauzer type,Tchiorny Terrier,"RUSSIAN FEDERATION",Recognized on a definitive basis,9/29/1983,10/13/2010,English,"Not subject to a working trial according to the FCI breeds nomenclature",https://fci.be/en/nomenclature/RUSSIAN-BLACK-TERRIER-327.html
RUSSKIY TOY,352,Continental Toy Spaniel and others,,"RUSSIAN FEDERATION",Recognized on a definitive basis,11/7/2017,11/7/2017,English,"Not subject to a working trial according to the FCI breeds nomenclature",https://fci.be/en/nomenclature/RUSSIAN-TOY-352.html
RUSSKO-EVROPEÏSKAÏA LAÏKA,304,Nordic Hunting Dogs,,"RUSSIAN FEDERATION",Recognized on a definitive basis,6/3/1980,10/13/2010,English,"Subject to a working trial according to the FCI Breeds Nomenclature",https://fci.be/en/nomenclature/RUSSIAN-EUROPEAN-LAIKA-304.html
RÖVIDSZÖRÜ MAGYAR VIZSLA,57,Continental Pointing Dogs,«Braque»Type,"HUNGARY",Recognized on a definitive basis,8/12/1954,4/6/2000,English,"Subject to a working trial according to the FCI Breeds Nomenclature",https://fci.be/en/nomenclature/HUNGARIAN-SHORT-HAIRED-POINTER-VIZSLA-57.html
SAARLOOSWOLFHOND,311,Sheepdogs,,"THE NETHERLANDS",Recognized on a definitive basis,11/18/1981,11/3/2014,English,"Not subject to a working trial according to the FCI breeds nomenclature",https://fci.be/en/nomenclature/SAARLOOS-WOLFHOND-311.html
SABUESO ESPAÑOL,204,Scent hounds,Medium-sized Hounds,"SPAIN",Recognized on a definitive basis,11/15/1957,5/26/1982,Spanish,"Subject to a working trial according to the FCI Breeds Nomenclature",https://fci.be/en/nomenclature/SPANISH-HOUND-204.html
SALUKI,269,Long-haired or fringed Sighthounds,,"MIDDLE EAST",Recognized on a definitive basis,4/8/1966,10/25/2000,English,"Not subject to a working trial according to the FCI breeds nomenclature",https://fci.be/en/nomenclature/SALUKI-269.html
SAMOIEDSKAÏA SABAKA,212,Nordic Sledge Dogs,,"NORTHERN RUSSIA, SIBERIA",Recognized on a definitive basis,6/26/1959,9/4/2019,English,"Not subject to a working trial according to the FCI breeds nomenclature",https://fci.be/en/nomenclature/SAMOYED-212.html
SCHILLERSTÖVARE,131,Scent hounds,Medium-sized Hounds,"SWEDEN",Recognized on a definitive basis,1/5/1955,8/22/2017,English,"Subject to a working trial according to the FCI Breeds Nomenclature",https://fci.be/en/nomenclature/SCHILLERSTOVARE-131.html
SCHIPPERKE,83,Sheepdogs,,"BELGIUM",Recognized on a definitive basis,10/27/1954,7/28/2009,French,"Not subject to a working trial according to the FCI breeds nomenclature",https://fci.be/en/nomenclature/SCHIPPERKE-83.html
SCHNAUZER,182,Pinscher and Schnauzer type,Schnauzer,"GERMANY",Recognized on a definitive basis,7/13/1955,3/6/2007,German,"Not subject to a working trial according to the FCI breeds nomenclature",https://fci.be/en/nomenclature/SCHNAUZER-182.html
SCHWEIZER LAUFHUND - CHIEN COURANT SUISSE,59,Scent hounds,Medium-sized Hounds,"SWITZERLAND",Recognized on a definitive basis,8/25/1954,11/28/2001,German,"Subject to a working trial according to the FCI Breeds Nomenclature",https://fci.be/en/nomenclature/SWISS-HOUND-59.html
SCHWEIZER NIEDERLAUFHUND,60,Scent hounds,Small-sized Hounds,"SWITZERLAND",Recognized on a definitive basis,8/27/1954,10/13/2015,English,"Subject to a working trial according to the FCI Breeds Nomenclature",https://fci.be/en/nomenclature/SMALL-SWISS-HOUND-60.html
SCOTTISH TERRIER,73,Small sized Terriers,,"GREAT BRITAIN",Recognized on a definitive basis,10/18/1954,10/13/2010,English,"Not subject to a working trial according to the FCI breeds nomenclature",https://fci.be/en/nomenclature/SCOTTISH-TERRIER-73.html
SEALYHAM TERRIER,74,Small sized Terriers,,"GREAT BRITAIN",Recognized on a definitive basis,10/19/1954,3/26/2009,English,"Not subject to a working trial according to the FCI breeds nomenclature",https://fci.be/en/nomenclature/SEALYHAM-TERRIER-74.html
SEGUGIO ITALIANO A PELO FORTE,198,Scent hounds,Medium-sized Hounds,"ITALY",Recognized on a definitive basis,3/9/1956,11/13/2015,French,"Subject to a working trial according to the FCI Breeds Nomenclature",https://fci.be/en/nomenclature/ITALIAN-ROUGH-HAIRED-SEGUGIO-198.html
SEGUGIO ITALIANO A PELO RASO,337,Scent hounds,Medium-sized Hounds,"ITALY",Recognized on a definitive basis,5/11/1993,11/13/2015,French,"Subject to a working trial according to the FCI Breeds Nomenclature",https://fci.be/en/nomenclature/ITALIAN-SHORT-HAIRED-SEGUGIO-337.html
SEGUGIO MAREMMANO,361,Scent hounds,Medium-sized Hounds,"ITALY",Recognized on a provisional basis,,9/12/2018,English,"Subject to a working trial according to the FCI Breeds Nomenclature",https://fci.be/en/nomenclature/SEGUGIO-MAREMMANO-361.html
SHAR PEI,309,Molossian type,Mastiff type,"CHINA",Recognized on a definitive basis,6/30/1981,4/14/1999,English,"Not subject to a working trial according to the FCI breeds nomenclature",https://fci.be/en/nomenclature/SHAR-PEI-309.html
SHETLAND SHEEPDOG,88,Sheepdogs,,"GREAT BRITAIN",Recognized on a definitive basis,11/9/1954,8/19/2013,English,"Not subject to a working trial according to the FCI breeds nomenclature",https://fci.be/en/nomenclature/SHETLAND-SHEEPDOG-88.html
SHIBA,257,Asian Spitz and related breeds,,"JAPAN",Recognized on a definitive basis,3/18/1964,10/30/2016,English,"Not subject to a working trial according to the FCI breeds nomenclature",https://fci.be/en/nomenclature/SHIBA-257.html
SHIH TZU,208,Tibetan breeds,,"Tibet (China)",Recognized on a definitive basis,12/16/1957,8/22/2017,English,"Not subject to a working trial according to the FCI breeds nomenclature",https://fci.be/en/nomenclature/SHIH-TZU-208.html
SHIKOKU,319,Asian Spitz and related breeds,,"JAPAN",Recognized on a definitive basis,2/1/1982,10/30/2016,English,"Not subject to a working trial according to the FCI breeds nomenclature",https://fci.be/en/nomenclature/SHIKOKU-319.html
SIBERIAN HUSKY,270,Nordic Sledge Dogs,,"UNITED STATES OF AMERICA",Recognized on a definitive basis,9/8/1966,11/14/2022,English,"Not subject to a working trial according to the FCI breeds nomenclature",https://fci.be/en/nomenclature/SIBERIAN-HUSKY-270.html
SKYE TERRIER,75,Small sized Terriers,,"GREAT BRITAIN",Recognized on a definitive basis,10/20/1954,10/13/2010,English,"Not subject to a working trial according to the FCI breeds nomenclature",https://fci.be/en/nomenclature/SKYE-TERRIER-75.html
SLOUGHI,188,Short-haired Sighthounds,,"MOROCCO",Recognized on a definitive basis,11/8/1934,1/8/1998,French,"Not subject to a working trial according to the FCI breeds nomenclature",https://fci.be/en/nomenclature/SLOUGHI-188.html
SLOVENSKÝ CUVAC,142,Sheepdogs,,"SLOVAKIA",Recognized on a definitive basis,11/9/1966,8/18/1965,German,"Not subject to a working trial according to the FCI breeds nomenclature",https://fci.be/en/nomenclature/SLOVAKIAN-CHUVACH-142.html
SLOVENSKÝ HRUBOSRSTÝ STAVAC (OHAR),320,Continental Pointing Dogs,«Braque»Type,"SLOVAKIA",Recognized on a definitive basis,2/17/1982,1/6/1995,German,"Subject to a working trial according to the FCI Breeds Nomenclature",https://fci.be/en/nomenclature/WIREHAIRED-SLOVAKIAN-POINTER-320.html
SLOVENSKÝ KOPOV,244,Scent hounds,Medium-sized Hounds,"SLOVAKIA",Recognized on a definitive basis,4/16/1963,4/16/1963,German,"Subject to a working trial according to the FCI Breeds Nomenclature",https://fci.be/en/nomenclature/SLOVAKIAN-HOUND-244.html
SMÅLANDSSTÖVARE,129,Scent hounds,Medium-sized Hounds,"SWEDEN",Recognized on a definitive basis,1/12/1955,8/22/2017,English,"Subject to a working trial according to the FCI Breeds Nomenclature",https://fci.be/en/nomenclature/SMALANDSSTOVARE-129.html
SPINONE ITALIANO,165,Continental Pointing Dogs,«Griffon» type,"ITALY",Recognized on a definitive basis,4/30/1955,11/13/2015,French,"Subject to a working trial according to the FCI Breeds Nomenclature",https://fci.be/en/nomenclature/ITALIAN-SPINONE-165.html
SREDNEASIATSKAYA OVTCHARKA,335,Molossian type,Mountain type,"RUSSIAN FEDERATION",Recognized on a definitive basis,1/25/1989,10/13/2010,English,"Not subject to a working trial according to the FCI breeds nomenclature",https://fci.be/en/nomenclature/CENTRAL-ASIA-SHEPHERD-DOG-335.html
SRPSKI GONIC,150,Scent hounds,Medium-sized Hounds,"SERBIA",Recognized on a definitive basis,3/30/1955,3/25/2003,French,"Subject to a working trial according to the FCI Breeds Nomenclature",https://fci.be/en/nomenclature/SERBIAN-HOUND-150.html
SRPSKI TROBOJNI GONIC,229,Scent hounds,Medium-sized Hounds,"SERBIA",Recognized on a definitive basis,7/23/1961,11/26/2002,French,"Subject to a working trial according to the FCI Breeds Nomenclature",https://fci.be/en/nomenclature/SERBIAN-TRICOLOUR-HOUND-229.html
ST.BERNHARDSHUND - BERNHARDINER,61,Molossian type,Mountain type,"SWITZERLAND",Recognized on a definitive basis,8/28/1954,4/4/2016,German,"Not subject to a working trial according to the FCI breeds nomenclature",https://fci.be/en/nomenclature/ST-BERNARD-61.html
STABIJHOUN,222,Continental Pointing Dogs,Spaniel Type,"THE NETHERLANDS",Recognized on a definitive basis,2/25/1960,11/3/2014,English,"Subject to a working trial according to the FCI Breeds Nomenclature",https://fci.be/en/nomenclature/STABIJHOUN-222.html
STAFFORDSHIRE BULL TERRIER,76,Bull type Terriers,,"GREAT BRITAIN",Recognized on a definitive basis,10/21/1954,6/24/1987,English,"Not subject to a working trial according to the FCI breeds nomenclature",https://fci.be/en/nomenclature/STAFFORDSHIRE-BULL-TERRIER-76.html
STEIRISCHE RAUHHAARBRACKE,62,Scent hounds,Medium-sized Hounds,"AUSTRIA",Recognized on a definitive basis,8/31/1954,10/10/1995,German,"Subject to a working trial according to the FCI Breeds Nomenclature",https://fci.be/en/nomenclature/COARSE-HAIRED-STYRIAN-HOUND-62.html
SUOMENAJOKOIRA,51,Scent hounds,Medium-sized Hounds,"FINLAND",Recognized on a definitive basis,8/8/1954,7/17/1997,English,"Subject to a working trial according to the FCI Breeds Nomenclature",https://fci.be/en/nomenclature/FINNISH-HOUND-51.html
SUOMENLAPINKOIRA,189,Nordic Watchdogs and Herders,,"FINLAND",Recognized on a definitive basis,8/22/1955,9/30/2016,English,"Not subject to a working trial according to the FCI breeds nomenclature",https://fci.be/en/nomenclature/FINNISH-LAPPONIAN-DOG-189.html
SUOMENPYSTYKORVA,49,Nordic Hunting Dogs,,"FINLAND",Recognized on a definitive basis,8/3/1954,4/4/2016,English,"Subject to a working trial only for the Nordic countries (Finland, Norway, Sweden)",https://fci.be/en/nomenclature/FINNISH-SPITZ-49.html
SUSSEX SPANIEL,127,Flushing Dogs,,"GREAT BRITAIN",Recognized on a definitive basis,12/31/1954,10/13/2010,English,"Subject to a working trial according to the FCI Breeds Nomenclature",https://fci.be/en/nomenclature/SUSSEX-SPANIEL-127.html
SVENSK LAPPHUND,135,Nordic Watchdogs and Herders,,"SWEDEN",Recognized on a definitive basis,1/19/1955,11/10/2011,English,"Not subject to a working trial according to the FCI breeds nomenclature",https://fci.be/en/nomenclature/SWEDISH-LAPPHUND-135.html
TAIWAN DOG,348,Primitive type - Hunting Dogs,,"TAIWAN",Recognized on a definitive basis,6/9/2015,6/9/2015,English,"Not subject to a working trial according to the FCI breeds nomenclature",https://fci.be/en/nomenclature/TAIWAN-DOG-348.html
TERRIER BRASILEIRO,341,Large and medium sized Terriers,,"BRAZIL",Recognized on a definitive basis,5/21/2007,5/14/2022,English,"Not subject to a working trial according to the FCI breeds nomenclature",https://fci.be/en/nomenclature/BRAZILIAN-TERRIER-341.html
THAI BANGKAEW DOG,358,Asian Spitz and related breeds,,"THAILAND",Recognized on a definitive basis,6/21/2022,4/14/2011,English,"Not subject to a working trial according to the FCI breeds nomenclature",https://fci.be/en/nomenclature/THAI-BANGKAEW-DOG-358.html
THAI RIDGEBACK DOG,338,Primitive type - Hunting Dogs,,"THAILAND",Recognized on a definitive basis,5/26/2003,5/26/2003,English,"Not subject to a working trial according to the FCI breeds nomenclature",https://fci.be/en/nomenclature/THAI-RIDGEBACK-DOG-338.html
TIBETAN SPANIEL,231,Tibetan breeds,,"Tibet (China)",Recognized on a definitive basis,8/22/1961,3/18/2015,English,"Not subject to a working trial according to the FCI breeds nomenclature",https://fci.be/en/nomenclature/TIBETAN-SPANIEL-231.html
TIBETAN TERRIER,209,Tibetan breeds,,"Tibet (China)",Recognized on a definitive basis,12/18/1957,8/22/2017,English,"Not subject to a working trial according to the FCI breeds nomenclature",https://fci.be/en/nomenclature/TIBETAN-TERRIER-209.html
TIROLER BRACKE,68,Scent hounds,Medium-sized Hounds,"AUSTRIA",Recognized on a definitive basis,10/8/1954,10/10/1995,German,"Subject to a working trial according to the FCI Breeds Nomenclature",https://fci.be/en/nomenclature/TYROLEAN-HOUND-68.html
TORNJAK,355,Molossian type,Mountain type,"BOSNIA AND HERZEGOVINA, CROATIA",Recognized on a definitive basis,11/7/2017,11/7/2017,English,"Not subject to a working trial according to the FCI breeds nomenclature",https://fci.be/en/nomenclature/BOSNIAN-AND-HERZEGOVINIAN-CROATIAN-SHEPHERD-DOG-355.html
TOSA,260,Molossian type,Mastiff type,"JAPAN",Recognized on a definitive basis,4/1/1964,12/9/1997,English,"Not subject to a working trial according to the FCI breeds nomenclature",https://fci.be/en/nomenclature/TOSA-260.html
VOLPINO ITALIANO,195,European Spitz,,"ITALY",Recognized on a definitive basis,2/25/1956,9/8/2023,English,"Not subject to a working trial according to the FCI breeds nomenclature",https://fci.be/en/nomenclature/ITALIAN-VOLPINO-195.html
VOSTOTCHNO-SIBIRSKAÏA LAÏKA,305,Nordic Hunting Dogs,,"RUSSIAN FEDERATION",Recognized on a definitive basis,6/3/1980,10/13/2010,English,"Subject to a working trial according to the FCI Breeds Nomenclature",https://fci.be/en/nomenclature/EAST-SIBERIAN-LAIKA-305.html
VÄSTGÖTASPETS,14,Nordic Watchdogs and Herders,,"SWEDEN",Recognized on a definitive basis,1/3/1954,10/29/2013,English,"Not subject to a working trial according to the FCI breeds nomenclature",https://fci.be/en/nomenclature/SWEDISH-VALLHUND-14.html
WEIMARANER,99,Continental Pointing Dogs,«Braque»Type,"GERMANY",Recognized on a definitive basis,11/27/1954,3/19/2015,German,"Subject to a working trial according to the FCI Breeds Nomenclature",https://fci.be/en/nomenclature/WEIMARANER-99.html
WELSH CORGI (CARDIGAN),38,Cattledogs (except Swiss Cattledogs),,"GREAT BRITAIN",Recognized on a definitive basis,11/12/1963,6/16/2022,English,"Not subject to a working trial according to the FCI breeds nomenclature",https://fci.be/en/nomenclature/WELSH-CORGI-CARDIGAN-38.html
WELSH CORGI (PEMBROKE),39,Cattledogs (except Swiss Cattledogs),,"GREAT BRITAIN",Recognized on a definitive basis,11/13/1963,6/16/2022,English,"Not subject to a working trial according to the FCI breeds nomenclature",https://fci.be/en/nomenclature/WELSH-CORGI-PEMBROKE-39.html
WELSH SPRINGER SPANIEL,126,Flushing Dogs,,"GREAT BRITAIN",Recognized on a definitive basis,12/30/1954,7/28/2009,English,"Subject to a working trial according to the FCI Breeds Nomenclature",https://fci.be/en/nomenclature/WELSH-SPRINGER-SPANIEL-126.html
WELSH TERRIER,78,Large and medium sized Terriers,,"GREAT BRITAIN",Recognized on a definitive basis,10/23/1954,10/13/2010,English,"Subject to a working trial for some countries",https://fci.be/en/nomenclature/WELSH-TERRIER-78.html
WEST HIGHLAND WHITE TERRIER,85,Small sized Terriers,,"GREAT BRITAIN",Recognized on a definitive basis,10/29/1954,10/13/2010,English,"Not subject to a working trial according to the FCI breeds nomenclature",https://fci.be/en/nomenclature/WEST-HIGHLAND-WHITE-TERRIER-85.html
WESTFÄLISCHE DACHSBRACKE,100,Scent hounds,Small-sized Hounds,"GERMANY",Recognized on a definitive basis,11/29/1954,6/24/1987,German,"Subject to a working trial according to the FCI Breeds Nomenclature",https://fci.be/en/nomenclature/WESTPHALIAN-DACHSBRACKE-100.html
WETTERHOUN,221,Water Dogs,,"THE NETHERLANDS",Recognized on a definitive basis,12/21/1959,6/8/2023,English,"Subject to a working trial according to the FCI Breeds Nomenclature",https://fci.be/en/nomenclature/WETTERHOUN-221.html
WHIPPET,162,Short-haired Sighthounds,,"GREAT BRITAIN",Recognized on a definitive basis,4/27/1955,9/4/2019,English,"Not subject to a working trial according to the FCI breeds nomenclature",https://fci.be/en/nomenclature/WHIPPET-162.html
XOLOITZCUINTLE,234,Primitive type,,"MEXICO",Recognized on a definitive basis,11/6/1961,10/8/2012,Spanish,"Not subject to a working trial according to the FCI breeds nomenclature",https://fci.be/en/nomenclature/XOLOITZCUINTLE-234.html
YAKUTSKAYA LAIKA,365,Nordic Sledge Dogs,,"RUSSIAN FEDERATION",Recognized on a provisional basis,,9/4/2019,English,"Subject to a working trial according to the FCI Breeds Nomenclature",https://fci.be/en/nomenclature/YAKUTIAN-LAIKA-365.html
YORKSHIRE TERRIER,86,Toy Terriers,,"GREAT BRITAIN",Recognized on a definitive basis,10/30/1954,11/10/2011,English,"Not subject to a working trial according to the FCI breeds nomenclature",https://fci.be/en/nomenclature/YORKSHIRE-TERRIER-86.html
YUZHNORUSSKAYA OVCHARKA,326,Sheepdogs,,"RUSSIAN FEDERATION",Recognized on a definitive basis,9/30/1983,8/22/2017,French,"Not subject to a working trial according to the FCI breeds nomenclature",https://fci.be/en/nomenclature/SOUTH-RUSSIAN-SHEPHERD-DOG-326.html
ZAPADNO-SIBIRSKAÏA LAÏKA,306,Nordic Hunting Dogs,,"RUSSIAN FEDERATION",Recognized on a definitive basis,6/3/1980,10/13/2010,English,"Subject to a working trial according to the FCI Breeds Nomenclature",https://fci.be/en/nomenclature/WEST-SIBERIAN-LAIKA-306.html
ZWERGPINSCHER,185,Pinscher and Schnauzer type,Pinscher,"GERMANY",Recognized on a definitive basis,7/14/1955,3/6/2007,German,"Not subject to a working trial according to the FCI breeds nomenclature",https://fci.be/en/nomenclature/MINIATURE-PINSCHER-185.html
ZWERGSCHNAUZER,183,Pinscher and Schnauzer type,Schnauzer,"GERMANY",Recognized on a definitive basis,7/13/1955,3/6/2007,German,"Not subject to a working trial according to the FCI breeds nomenclature",https://fci.be/en/nomenclature/MINIATURE-SCHNAUZER-183.html
ÍSLENSKUR FJÁRHUNDUR,289,Nordic Watchdogs and Herders,,"ICELAND",Recognized on a definitive basis,7/17/1972,6/15/2018,English,"Not subject to a working trial according to the FCI breeds nomenclature",https://fci.be/en/nomenclature/ICELANDIC-SHEEPDOG-289.html
ÖSTERREICHISCHER PINSCHER,64,Pinscher and Schnauzer type,Pinscher,"AUSTRIA",Recognized on a definitive basis,9/4/1954,3/25/2003,German,"Not subject to a working trial according to the FCI breeds nomenclature",https://fci.be/en/nomenclature/AUSTRIAN-PINSCHER-64.html
